"last_name, first_name","player_id","year","pa","home_run","xwobacon","exit_velocity_avg","barrel_batted_rate","hard_hit_percent","avg_best_speed","oz_contact_percent","whiff_percent","flyballs_percent"
"Blackmon, Charlie","453568","2024","499","12",".329","84.8",5.2,27.2,"96.083583591",67.3,19.2,26.9
"Solano, Donovan","456781","2024","309","8",".359","87.3",3.7,37.4,"98.057695046",54.1,23.5,25.6
"McCutchen, Andrew","457705","2024","515","20",".397","88.4",11.7,36.7,"99.420601139",44.8,28.9,29.3
"Turner, Justin","457759","2024","539","11",".346","87.1",4.6,32.5,"96.702342312",68.7,17,30.6
"Santana, Carlos","467793","2024","594","23",".349","89.2",7.3,39.9,"99.506124387",59.7,23.3,28.8
"Rojas, Miguel","500743","2024","337","6",".317","85",2.5,27.8,"96.317826471",73,13.9,17.3
"Pham, Tommy","502054","2024","478","9",".384","90.4",7.2,42.7,"101.105935449",53.8,22.5,22.4
"Martinez, J.D.","502110","2024","495","16",".463","91",14.9,46.1,"101.443240544",39.9,31.5,31.9
"Goldschmidt, Paul","502671","2024","654","22",".429","91.2",10.7,49.6,"101.892583709",60.3,27.4,26.9
"Altuve, Jose","514888","2024","682","20",".354","86.5",6.5,31.2,"97.323672581",62.7,21.9,25.9
"Marte, Starling","516782","2024","370","7",".405","89.8",6.9,42.9,"101.20205624",46.9,28.1,15.8
"d'Arnaud, Travis","518595","2024","341","15",".402","89.9",10.4,41,"100.537202273",50,32.8,27.5
"Freeman, Freddie","518692","2024","638","22",".395","89.4",9.1,41.8,"100.349133067",71,20.2,31.1
"Rizzo, Anthony","519203","2024","375","8",".314","86.7",4,33.2,"97.798203577",64.9,19.3,21.5
"Stanton, Giancarlo","519317","2024","459","27",".496","94.6",20.7,55.3,"108.185328759",48,34.4,25.4
"Perez, Salvador","521692","2024","652","27",".429","91.1",12.2,44.8,"101.856275647",59,27.8,33.8
"Ozuna, Marcell","542303","2024","688","39",".513","92.2",15.5,53.5,"103.370699452",49.6,31.4,31.6
"Semien, Marcus","543760","2024","718","23",".336","87.4",6.6,35.2,"97.806210919",56.2,20.2,30
"Springer III, George","543807","2024","614","19",".354","87.5",9.3,37.4,"99.896868",52.7,25.3,22.2
"Vázquez, Christian","543877","2024","315","7",".323","88.5",3.8,36.6,"98.036944138",64.2,20.8,29.4
"Vargas, Ildemaro","545121","2024","303","1",".278","87",1.2,31.9,"97.073438667",73.1,12.4,16.7
"Harper, Bryce","547180","2024","631","30",".428","91.1",10.6,48.2,"102.531835097",52.4,26.6,30.4
"Díaz, Elias","553869","2024","351","6",".320","87.1",4.7,34.5,"99.032119063",52.2,27.8,17.1
"Suárez, Eugenio","553993","2024","640","30",".425","89.1",11.3,42.4,"100.570552315",44.8,29.1,33.3
"Urshela, Gio","570482","2024","461","9",".338","86.4",4.9,28.4,"96.696776409",70.4,20.3,19.7
"Arenado, Nolan","571448","2024","635","16",".315","86.3",3.2,31.6,"96.924147927",67.3,17.2,23.5
"Haniger, Mitch","571745","2024","423","12",".374","90.6",9,45.9,"101.021551732",43.5,32.3,28.6
"Hernández, Enrique","571771","2024","393","12",".324","89.6",4.8,41.5,"99.326670699",60.3,22.9,29.4
"Singleton, Jon","572138","2024","405","13",".377","88.7",8.9,37.2,"99.784248293",47.6,30.1,30.8
"Taylor, Michael A.","572191","2024","300","5",".384","89.3",11.6,40.1,"100.583164074",32.4,39,25.6
"Walker, Christian","572233","2024","552","26",".428","91.2",13.3,48,"103.127969548",51.2,25.6,31.9
"Yastrzemski, Mike","573262","2024","474","18",".373","90.4",10.5,41,"99.549726267",56.3,26.1,32
"Contreras, Willson","575929","2024","358","15",".448","91.6",11.2,46.8,"103.712134757",36.4,35,24.4
"Canha, Mark","592192","2024","462","7",".299","88.4",3.3,37.4,"98.159166424",66.2,21.8,21.9
"Castellanos, Nick","592206","2024","659","23",".397","88.4",8.1,38.2,"99.266703034",48.1,30.1,30.5
"Drury, Brandon","592273","2024","360","4",".291","87.6",3.6,35.6,"99.062132195",59.9,24.4,18.6
"Judge, Aaron","592450","2024","704","58",".632","96.2",26.9,60.8,"107.20043567",42.7,30.7,38.7
"Machado, Manny","592518","2024","643","29",".398","92.5",11,48.8,"103.370494128",54.7,24.4,22
"Pederson, Joc","592626","2024","449","23",".449","92.3",12.8,46.2,"102.648599462",62.4,25,28.6
"Realmuto, J.T.","592663","2024","413","14",".431","89.2",10.4,46.6,"101.248653813",52.8,26.2,21.5
"Renfroe, Hunter","592669","2024","424","15",".322","88.5",6.6,39.4,"100.265103311",57.3,23.4,27.2
"Rosario, Eddie","592696","2024","319","10",".317","91",5.3,42.5,"99.203116161",56.5,27.4,32.3
"Yelich, Christian","592885","2024","315","11",".421","91.1",7.9,46.7,"103.017733429",57.4,22.9,19.2
"Merrifield, Whit","593160","2024","335","4",".299","84.1",2.4,21.6,"94.385287083",63.8,18.5,24.5
"Bogaerts, Xander","593428","2024","463","11",".343","88.1",5.1,33.2,"98.125304802",62.7,18.3,23.9
"Polanco, Jorge","593871","2024","468","16",".399","88.3",8.9,37.4,"99.204331655",53.6,28.1,31.7
"Duvall, Adam","594807","2024","330","11",".377","86.9",10.7,36.6,"99.791319515",50.2,27.7,35.1
"Profar, Jurickson","595777","2024","668","24",".379","91.1",7.2,44.4,"100.952441293",66.6,16.9,25.6
"Cave, Jake","595909","2024","346","7",".365","87.5",5.2,37.1,"98.314485398",55.3,28.2,24.5
"Lindor, Francisco","596019","2024","689","33",".438","90.9",13.6,47.4,"101.098117236",58.7,23.7,31.4
"Kepler, Max","596146","2024","399","8",".349","88.9",6.2,36.8,"99.569991319",53.5,24.4,31.3
"Candelario, Jeimer","600869","2024","463","20",".345","86.9",8.2,34.5,"97.855535823",55.5,29.1,30.7
"Urías, Ramón","602104","2024","301","11",".368","88.3",8.7,38.5,"98.830197431",55.6,26.8,27.5
"Bell, Josh","605137","2024","603","19",".355","88.9",7.6,40.1,"100.078711292",54.4,26.8,23.5
"Betts, Mookie","605141","2024","516","19",".366","89.9",6,39.5,"98.50877402",61.3,14.9,35.3
"Arcia, Orlando","606115","2024","602","17",".299","88.2",5.3,37.8,"98.41985743",50.3,26.4,21.3
"Hernández, Teoscar","606192","2024","652","33",".462","90.6",14.9,46.8,"102.727395423",43.6,34,26.6
"Marte, Ketel","606466","2024","583","36",".452","94",12.3,53.8,"103.991137178",59.6,21.3,24.8
"Nimmo, Brandon","607043","2024","663","23",".390","91.9",9.1,47.4,"101.264982933",54.8,23.4,27.2
"Turner, Trea","607208","2024","539","21",".369","89.1",6.9,40.7,"99.706063382",49,26.1,26.5
"Pillar, Kevin","607680","2024","314","8",".314","84.6",3.7,29.7,"96.438782936",58.5,24.4,31.5
"Ramírez, José","608070","2024","682","39",".354","89.2",8.6,39.7,"99.642954081",73.2,15.2,31.1
"Bregman, Alex","608324","2024","634","26",".341","89.1",6.2,40.4,"98.929856707",75.3,12.8,28.3
"Kelly, Carson","608348","2024","313","9",".342","87.6",6.6,39.4,"98.979228142",52.4,22.8,28.6
"Seager, Corey","608369","2024","533","30",".458","92.1",15.2,50.7,"103.274395474",49.8,23.4,31.2
"Winker, Jesse","608385","2024","508","14",".356","88.6",7.6,37.4,"98.91091179",62.5,19.6,22.2
"Refsnyder, Rob","608701","2024","307","11",".402","89.6",9.7,43.1,"101.623071856",48.6,28.1,22.6
"Meneses, Joey","608841","2024","313","3",".306","88.9",4.5,39.3,"99.265454911",56.1,22.9,23.7
"Andujar, Miguel","609280","2024","319","4",".308","86.1",2.7,33.7,"97.864980763",68.5,16,18
"Swanson, Dansby","621020","2024","593","16",".392","89.4",9.2,42.7,"100.210263655",51.3,28.7,23.2
"Newman, Kevin","621028","2024","311","3",".302","85.6",1.6,23.4,"95.24854438",63.4,17.1,19.8
"Correa, Carlos","621043","2024","367","14",".393","90.3",9.2,44.7,"102.536128244",63.4,20.4,22.9
"Taylor, Tyrone","621438","2024","345","7",".367","87.3",7.1,35.3,"99.355167983",56.8,22,24.5
"Buxton, Byron","621439","2024","388","18",".456","91.7",13.2,48.1,"102.451274806",46.3,32.1,31.4
"Ward, Taylor","621493","2024","663","25",".429","90.9",13,42.4,"100.017751581",49.1,25.5,36.3
"Olson, Matt","621566","2024","685","29",".416","91.5",12.4,47.4,"102.726279537",63.4,26.3,30.3
"Margot, Manuel","622534","2024","343","4",".338","88.2",4.9,33.6,"98.859258923",62.9,20.6,23.8
"Santander, Anthony","623993","2024","665","44",".370","89.8",11.7,41.6,"100.325476894",72,20,33.8
"Alonso, Pete","624413","2024","695","34",".417","89.8",13.2,46.4,"102.785114727",51.9,24.7,28.2
"Conforto, Michael","624424","2024","488","20",".432","90.2",11.8,46,"101.95530559",55.8,25.2,29.1
"Soler, Jorge","624585","2024","574","21",".416","90.5",12.6,44.1,"101.898357865",46.4,28.9,30.1
"Cronenworth, Jake","630105","2024","656","17",".370","88.6",7.8,36.7,"99.527561266",62.3,17,25.3
"Bauers, Jake","641343","2024","346","12",".410","89.4",10.3,42.9,"99.96682033",36.7,29.1,35.3
"Bellinger, Cody","641355","2024","569","18",".331","87.8",6.3,32.9,"97.314029213",65,22.2,35
"Crawford, J.P.","641487","2024","451","9",".345","87.5",6.5,37.8,"98.950282708",63,20.2,24.4
"Fraley, Jake","641584","2024","382","5",".313","84.3",3.2,24.7,"95.677326241",62.4,21.3,21.2
"Garver, Mitch","641598","2024","430","15",".346","89.9",8.4,39.7,"99.983276271",42.6,30.8,30.8
"Heim, Jonah","641680","2024","491","13",".311","88.5",5.9,36.4,"98.507122973",64.2,20.7,27.5
"McMahon, Ryan","641857","2024","645","20",".417","92.1",10.9,49.7,"102.62988712",49.1,30,24.6
"O'Neill, Tyler","641933","2024","473","31",".480","90.9",17.3,48.8,"102.819767874",44.2,34.1,33.1
"Smith, Dominic","642086","2024","307","6",".351","89.3",10.6,38.7,"98.769074141",60.9,25.3,32.2
"Tellez, Rowdy","642133","2024","421","13",".349","89.4",8,36.5,"100.611958926",55.1,21.9,25.4
"Siri, Jose","642350","2024","448","18",".453","87.5",14.7,41.6,"100.732893305",40.2,41.6,29.8
"Rosario, Amed","642708","2024","346","3",".339","86.9",4.6,36.2,"98.559932462",58,24.4,18.8
"Adames, Willy","642715","2024","688","32",".422","88.6",12,40.7,"99.769639045",49.2,29.5,36.4
"Estrada, Thairo","642731","2024","381","9",".310","86.2",4.8,31.7,"97.31710125",58.4,20.5,21.7
"Benintendi, Andrew","643217","2024","522","20",".344","88",6.3,34.4,"97.17823",66.5,20.9,31.8
"Dubón, Mauricio","643289","2024","428","4",".293","86.1",2.8,26.5,"95.977741503",75.1,18.8,23.9
"Jansen, Danny","643376","2024","324","9",".296","86.6",6.4,29.7,"97.185697545",61,20.9,34.1
"Kiner-Falefa, Isiah","643396","2024","496","8",".315","86.1",2.3,29.7,"96.695719581",72.5,14.8,21.2
"McNeil, Jeff","643446","2024","472","12",".296","87",3.1,31.1,"96.866365393",64.8,17.4,26.7
"Tauchman, Mike","643565","2024","350","7",".355","89",7.4,41,"99.141927105",65.9,22.5,31.4
"Albies, Ozzie","645277","2024","435","10",".328","88.4",6.2,32,"97.095539467",68.7,20.5,29
"Devers, Rafael","646240","2024","601","28",".459","93.2",13,52.6,"104.594814974",62.9,30.9,26.6
"Naylor, Josh","647304","2024","633","31",".365","89.9",8.4,40.9,"100.815360087",63,22.4,25.1
"Toro, Abraham","647351","2024","364","6",".324","87.2",4.3,29.6,"97.476845145",65.1,17.4,25.6
"Arraez, Luis","650333","2024","672","4",".324","86.3",1.6,23.7,"94.838000362",88,6.8,25.2
"Jiménez, Eloy","650391","2024","349","6",".348","92",7.8,49,"103.179997795",53.8,26.2,15.7
"Torres, Gleyber","650402","2024","665","15",".345","88.6",6.3,35.4,"98.295655921",63,22.9,29.9
"Castro, Willi","650489","2024","635","12",".375","87.4",7,36.8,"98.851706502",46.2,28.9,27.1
"Díaz, Yandy","650490","2024","621","14",".364","92.2",7.6,48.7,"103.441830979",74.5,14.2,17.8
"De La Cruz, Bryan","650559","2024","622","21",".404","89.6",9.3,41.3,"99.848652919",53,30.1,29.8
"Rengifo, Luis","650859","2024","304","6",".313","87",2.5,32.5,"96.9891535",61.2,22.3,17.1
"Chapman, Matt","656305","2024","647","27",".418","93.2",12.6,48.3,"104.356012981",63.2,23.5,28.4
"Hoskins, Rhys","656555","2024","517","26",".380","88.7",12.7,42.3,"99.737434248",61,26.3,36.6
"Joe, Connor","656582","2024","416","9",".298","85.3",4.7,32.7,"97.939201314",52.2,25.7,24.7
"McKinstry, Zach","656716","2024","325","4",".339","88",4.3,32.6,"97.327044",57.3,22.1,31.3
"Mullins II, Cedric","656775","2024","499","18",".323","87.1",4.9,33.4,"97.759606105",62.5,18.9,28
"O'Hearn, Ryan","656811","2024","494","15",".376","89.6",6.9,40.1,"99.733150957",62.2,18.1,27.1
"Rivera, Emmanuel","656896","2024","302","5",".371","89.7",7.9,44.1,"99.97328099",49.4,28.3,22.8
"Schwarber, Kyle","656941","2024","692","38",".489","93.6",15.6,55.5,"105.154527813",45.7,32,28.6
"Thomas, Lane","657041","2024","528","15",".378","88.8",7.4,40.6,"100.376555353",59.1,23.3,26.8
"Verdugo, Alex","657077","2024","621","13",".322","88.3",5.6,34.9,"98.009613263",66.3,15.5,23
"Wong, Connor","657136","2024","487","13",".345","86.5",6.3,34.5,"98.745018171",46.4,28.7,24.1
"DeJong, Paul","657557","2024","482","24",".404","87.8",10.2,41.5,"99.999893878",43.9,34.9,33.3
"Laureano, Ramón","657656","2024","309","11",".432","89.2",12.6,40.8,"100.254641146",45.5,31.8,30.4
"Sheets, Gavin","657757","2024","501","10",".358","87.8",5.7,35.3,"98.863415862",65.5,23,23
"Ohtani, Shohei","660271","2024","731","54",".561","95.8",21.5,60.1,"106.727792385",53.9,29.8,31.3
"Ruiz, Keibert","660688","2024","485","13",".296","85.4",3.2,25.6,"95.477673333",79.9,12.1,29.8
"Sánchez, Jesús","660821","2024","537","18",".441","92.5",12.2,51.3,"104.556000571",52.6,31.2,21.6
"Contreras, William","661388","2024","679","23",".415","92.8",10,49.5,"103.875480043",50.8,27.8,19.4
"Varsho, Daulton","662139","2024","513","18",".310","86.1",6.2,34,"98.537583503",55,27,30.6
"Perkins, Blake","663368","2024","434","6",".326","88.8",3.9,37.7,"97.789208222",54.2,26.8,26.3
"Nootbaar, Lars","663457","2024","405","12",".400","91.8",9.9,49.5,"102.282162353",61.3,19,19
"Hoerner, Nico","663538","2024","641","7",".313","85.7",1.2,27.6,"95.980926525",77.5,11.6,19.5
"Riley, Austin","663586","2024","469","19",".462","93.3",14.9,53.4,"103.77151961",49.8,27.5,31.1
"Larnach, Trevor","663616","2024","400","15",".416","92",10.1,45.1,"102.375195821",42.2,27.9,26.9
"Mountcastle, Ryan","663624","2024","507","13",".412","90.8",8.8,45.2,"102.105716923",58.6,25.1,23.6
"Hayes, Ke'Bryan","663647","2024","396","4",".312","88.9",2.4,42.9,"99.837230137",60,18.1,17
"Tucker, Kyle","663656","2024","339","23",".436","91.1",12.9,44.9,"100.157901947",57.4,19,41.3
"India, Jonathan","663697","2024","637","15",".382","87.2",7.7,36.5,"98.90319256",57.9,19.2,22.8
"Raleigh, Cal","663728","2024","628","34",".444","91",15.4,48.1,"102.032071755",52.9,31,36.7
"Fortes, Nick","663743","2024","335","4",".257","84.3",1.4,22.6,"95.578582782",74,13,17.9
"Vierling, Matt","663837","2024","567","16",".367","89.8",7.5,40.9,"100.235830606",60.5,19.5,23.6
"Stephenson, Tyler","663886","2024","515","19",".374","90.2",9.1,43.9,"100.320154503",52.8,22.7,27.2
"Rodgers, Brendan","663898","2024","539","13",".367","89.3",5.6,44.1,"101.153269243",48,25.9,16.9
"Lowe, Nathaniel","663993","2024","565","16",".369","88.9",5.8,40,"100.432822253",58.2,20.6,22.5
"Happ, Ian","664023","2024","657","25",".423","90.8",11.7,45.2,"101.590666318",52.7,27.8,30.3
"France, Ty","664034","2024","535","13",".345","88.7",7.3,40,"99.663679892",53.5,24.2,27.3
"Lowe, Brandon","664040","2024","425","21",".447","89.8",12.4,44.7,"101.345776014",44,32.7,31.6
"Bader, Harrison","664056","2024","437","12",".350","87.2",6.4,35.5,"98.685690255",57.5,24.5,23.6
"Moore, Dylan","664238","2024","441","10",".346","88.4",8.8,36.3,"98.78016696",53.2,24.8,33.5
"Isbel, Kyle","664728","2024","426","8",".320","88.1",3.9,36.3,"99.427451293",59.9,19.3,19.9
"Bohm, Alec","664761","2024","606","15",".375","90.4",6.8,45.6,"100.768220847",62.8,17.6,23.4
"Wade Jr., LaMonte","664774","2024","401","8",".405","90.5",9.4,44.1,"101.160100656",44.4,24.2,25.7
"Brown, Seth","664913","2024","400","14",".383","90",8.4,40.6,"100.936577054",41.8,29.1,28.4
"McCarthy, Jake","664983","2024","495","8",".334","84.5",2.7,24.5,"95.637290857",58.4,17.5,21
"Peña, Jeremy","665161","2024","650","15",".354","88.2",5.4,38.8,"99.323506707",49.7,24.9,23
"Tatis Jr., Fernando","665487","2024","438","21",".479","93.5",14.5,55.8,"104.418991126",49.3,28.1,26.1
"Guerrero Jr., Vladimir","665489","2024","697","30",".450","93.8",13.7,54.9,"105.663720766",62.7,21.5,21.2
"Soto, Juan","665742","2024","713","41",".519","94.2",19.7,57,"105.650123728",59.3,21.5,27.8
"Taveras, Leody","665750","2024","529","12",".347","89",5.9,35.5,"99.173170874",52.7,26,27.2
"Amaya, Miguel","665804","2024","363","8",".332","88.4",4.7,33.9,"99.101174286",57.4,22.5,23
"Cabrera, Oswaldo","665828","2024","326","8",".322","88.2",3.7,34.9,"97.641570336",61.9,18.8,23.2
"Cruz, Oneil","665833","2024","599","21",".467","95.5",15.7,54.9,"107.199352928",48.1,34.1,20.6
"Chisholm Jr., Jazz","665862","2024","621","24",".389","89.7",9.7,41.1,"100.122466782",55.7,29.1,25
"Giménez, Andrés","665926","2024","633","9",".326","86.3",2.8,28.5,"96.492499139",60.8,22.5,18.4
"Fermin, Freddy","666023","2024","368","6",".306","88.2",3.2,33.9,"97.931397537",54.2,23,21.3
"Lowe, Josh","666139","2024","387","10",".405","90.8",10.3,46.1,"100.893361034",54.9,31.8,29.3
"Fitzgerald, Tyler","666149","2024","341","15",".400","87.7",8.2,31.9,"97.5779034",44.9,30.9,33.3
"Hamilton, David","666152","2024","317","8",".347","87",5.6,32.2,"97.714382095",44.3,25.3,29.4
"Lux, Gavin","666158","2024","487","10",".375","88.3",6,41.1,"98.995997212",59.2,23.3,19.3
"Moniak, Mickey","666160","2024","418","14",".369","88.1",9.3,34.4,"99.494460797",53.2,30.1,29
"Rortvedt, Ben","666163","2024","328","3",".305","86.2",3.5,30.7,"96.9585767",53.4,26.7,20.8
"Adell, Jo","666176","2024","451","20",".405","89.8",11.7,44.7,"102.6788005",50.9,29.8,31.6
"Benson, Will","666181","2024","388","14",".397","89.4",11.5,40.1,"99.756805263",33.7,38.9,35.4
"Bichette, Bo","666182","2024","336","4",".345","89.2",4.4,43.5,"100.896776504",57.2,22,17.7
"Naylor, Bo","666310","2024","389","13",".344","88.8",8.1,37.7,"98.72815",53.9,28.3,30.1
"Julien, Edouard","666397","2024","301","8",".385","87.8",9.8,37.8,"98.889968415",36.7,30.9,31.7
"Morel, Christopher","666624","2024","611","21",".384","89.2",10.2,40.4,"101.221222105",48.9,34.1,25.2
"García, Adolis","666969","2024","637","25",".394","91",12.2,48,"101.790884853",48.5,34.3,31.3
"Gurriel Jr., Lourdes","666971","2024","553","18",".369","88.4",6.7,40,"99.549348469",62.3,20,27.1
"Rooker Jr., Brent","667670","2024","614","39",".516","91.9",16.6,49.6,"103.25238457",39.8,34.1,34.3
"Arozarena, Randy","668227","2024","648","20",".379","90.4",8.3,43.5,"100.904108177",60,29.7,27.6
"Rogers, Jake","668670","2024","337","10",".395","89",9.9,41.8,"99.180639906",45.3,32.7,32.9
"Bleday, JJ","668709","2024","642","20",".353","88.5",8.3,36.2,"98.962079372",50.3,26.1,31.3
"Steer, Spencer","668715","2024","656","20",".349","88",6.4,39.9,"99.163434247",52.1,23.1,29.4
"Reynolds, Bryan","668804","2024","692","24",".423","89.9",9.6,45.4,"100.987209316",48,29.4,26.7
"Vientos, Mark","668901","2024","454","27",".450","91.2",14.1,46.6,"102.544746312",46.9,34.4,24.4
"Lewis, Royce","668904","2024","325","16",".387","87.1",11.2,37.7,"99.690144144",58.1,27,30.5
"Turang, Brice","668930","2024","619","7",".323","87",2.4,29.7,"96.869333063",72.5,13.7,17.7
"Rutschman, Adley","668939","2024","638","19",".343","88.2",6.1,36.6,"98.081119454",72.5,17.1,32
"Rojas, Josh","668942","2024","476","8",".335","88.2",5.7,38.2,"97.946263631",47.2,24.1,29
"Melendez Jr., MJ","669004","2024","451","17",".391","91.1",8.4,45.2,"101.49620396",56.3,29.5,28.8
"Marsh, Brandon","669016","2024","476","16",".446","91.6",10,47.4,"101.08883194",46.1,27.5,28.5
"Langeliers, Shea","669127","2024","534","29",".426","91.3",12.8,44,"102.05460686",50.6,29.2,30
"Wells, Austin","669224","2024","414","13",".383","88.4",9.1,38.9,"99.723567259",51.2,27.3,29.1
"Smith, Will","669257","2024","544","20",".374","89.4",10.8,42,"99.318269153",65.8,20.9,40.4
"Espinal, Santiago","669289","2024","391","9",".307","85.9",1.9,24.1,"94.957566883",70.4,14.8,25.1
"Miranda, Jose","669304","2024","429","9",".339","88.9",5.9,38.9,"99.359747765",60,22.5,26.3
"Gorman, Nolan","669357","2024","402","19",".471","88.5",16.7,38.6,"100.727790741",37.7,38.7,38.9
"Edwards, Xavier","669364","2024","303","1",".310","86.1",1.8,24.3,"95.052217333",67.3,16.9,19.3
"Burger, Jake","669394","2024","579","29",".432","91.3",12.3,46.8,"103.619986856",50.6,30.1,28.3
"Smith, Josh","669701","2024","592","13",".334","87.8",3.7,37.1,"98.306997711",58.1,21.7,29
"Triolo, Jared","669707","2024","446","9",".343","88.4",5.3,39.1,"99.388421871",50.5,27.4,26
"Toglia, Michael","669911","2024","458","25",".508","92.1",17.3,50.2,"102.673791797",39.9,34.9,36.1
"Lopez, Nicky","670032","2024","445","1",".274","85",1.5,16.9,"94.065401402",64.9,19.4,19.3
"Raley, Luke","670042","2024","455","22",".414","90.1",11,41.8,"101.696067615",34.7,34.5,24.5
"Alvarez, Yordan","670541","2024","635","35",".464","93.1",14.5,49.7,"104.097105087",63.5,19.9,36.2
"Paredes, Isaac","670623","2024","641","19",".302","85",4.5,27.1,"95.875582928",68.9,17.2,29.3
"Friedl Jr., TJ","670770","2024","341","13",".295","86",3.2,31.5,"96.990036",63.3,17.6,27.9
"Ramos, Heliot","671218","2024","518","22",".436","91.5",14.5,47.5,"102.620742924",48.1,28.7,27
"García, Luis","671277","2024","528","18",".380","89.1",8,41.7,"100.167127696",62.7,21.3,25.1
"Freeman, Tyler","671289","2024","383","7",".295","87.7",3.2,34.6,"98.573015071",68.2,16.2,23.7
"Butler, Lawrence","671732","2024","451","22",".430","91.1",11,47.4,"101.824301046",55.3,26.8,26.3
"Harris II, Michael","671739","2024","470","16",".411","90.5",10,47,"103.329018908",62,25,19.5
"Bailey, Patrick","672275","2024","448","8",".378","91.3",5.5,43,"100.739347483",53.2,23.4,24.9
"Siani, Michael","672279","2024","334","2",".297","84.4",2.3,22.6,"95.786961649",50.9,28.9,15.1
"Kelenic, Jarred","672284","2024","449","15",".412","89.8",9.9,45.2,"100.297571631",41.8,33.3,30
"Kirk, Alejandro","672386","2024","386","5",".336","89.4",6.7,40.9,"99.802023893",71.3,15.7,19.1
"Moreno, Gabriel","672515","2024","351","5",".337","90",6.6,41,"99.887726484",70.9,18.5,21.1
"Garcia, Maikel","672580","2024","626","7",".335","90.4",3.7,42.8,"100.050927426",67.8,15.5,20.4
"Lopez, Otto","672640","2024","434","6",".358","88",5.1,38.9,"99.482984485",56.7,21.8,20.2
"Perdomo, Geraldo","672695","2024","388","3",".281","87",3.1,25.8,"96.084793623",71.1,12,25.1
"Pérez, Wenceel","672761","2024","425","9",".338","88.4",4.3,30.6,"97.264471429",66.7,20.9,26
"Sosa, Lenyn","672820","2024","369","8",".392","89",6.1,41.2,"99.355197445",67.6,19.8,22.7
"Diaz, Yainer","673237","2024","619","16",".397","90.2",7.6,47.5,"101.297056214",59.8,24,18.7
"Robert Jr., Luis","673357","2024","425","14",".396","90.1",9.9,40.7,"101.232868968",41.6,36.1,26.9
"Kim, Ha-Seong","673490","2024","470","11",".326","87.9",4.8,35.4,"98.621780994",74.6,15.9,24.3
"Suzuki, Seiya","673548","2024","585","21",".442","91.7",11.5,49.2,"102.565369326",53.9,24.5,34
"Westburg, Jordan","676059","2024","447","18",".432","91.1",11.8,46.1,"101.801873375",50.4,29.2,26.2
"DeLuca, Jonny","676356","2024","362","6",".317","84.6",3.9,28,"96.24111608",62.8,24,21.4
"Clement, Ernie","676391","2024","452","12",".300","85.5",3.8,24.9,"95.659056327",76.8,14.3,27.2
"Burleson, Alec","676475","2024","595","21",".352","89.7",6.5,41.7,"99.381927173",68,19.2,25.5
"Caballero, José","676609","2024","483","9",".337","83.7",5.1,25.2,"96.196185563",50.4,28.6,21.7
"Meyers, Jake","676694","2024","513","13",".362","88.2",6.8,37,"99.317270058",49.8,26.7,27.4
"Schneider, Davis","676914","2024","454","13",".383","88.6",12,38,"98.986742636",48.5,30.6,39.9
"Rocchio, Brayan","677587","2024","442","8",".290","84.6",4,22.3,"95.744136806",57.7,24.1,25
"Rodríguez, Julio","677594","2024","613","20",".441","91.7",10.2,48.4,"103.553687536",53.2,30.9,26.2
"Abreu, Wilyer","677800","2024","447","15",".404","91.6",10.8,50.4,"101.863792971",55,29.5,34.1
"Witt Jr., Bobby","677951","2024","709","32",".465","92.7",14.3,48.3,"103.972880446",63.3,22.3,30.5
"Tovar, Ezequiel","678662","2024","695","26",".392","88.8",9,39.8,"99.306485852",45.6,33.5,33.6
"Rafaela, Ceddanne","678882","2024","571","15",".361","86.6",7.5,36.9,"98.205036294",52.7,32.9,26.4
"Rojas, Johan","679032","2024","363","3",".289","85.7",2.5,27.4,"97.163679462",62,22.5,17
"Torkelson, Spencer","679529","2024","381","10",".346","89",6.7,39.7,"99.687498067",45.7,26.6,31.1
"Schuemann, Max","680474","2024","459","7",".347","89",5.6,37.4,"97.729409209",49,28.1,31.1
"Palacios, Richie","680700","2024","316","5",".344","86.2",3.5,30.3,"96.843483131",55.6,24.7,19.7
"Kwan, Steven","680757","2024","540","14",".326","86.3",2.6,23.7,"95.04543782",79.6,8,28.3
"Duran, Jarren","680776","2024","735","21",".414","90.8",9.3,43.9,"101.928155512",52.6,24.8,21
"Jeffers, Ryan","680777","2024","465","21",".338","86.9",8.3,33.8,"99.008221173",63.1,23.6,28.9
"Gelof, Zack","680869","2024","547","17",".381","89.2",8.8,37.2,"98.970921935",36.8,36.4,27.4
"Donovan, Brendan","680977","2024","652","14",".348","88.7",5.5,37.6,"98.552237391",65.7,14.6,22.9
"Stott, Bryson","681082","2024","571","11",".327","87",3.6,30.8,"97.149266143",74.4,16.9,25.8
"Cowser, Colton","681297","2024","561","24",".441","90.5",13.6,46.1,"101.838992303",43.3,30.3,30.6
"O'Hoppe, Logan","681351","2024","522","20",".452","90.4",12,46.3,"101.233350982",45.7,33.6,29.4
"Pages, Andy","681624","2024","443","13",".401","88.6",10.7,40.1,"100.310081745",58.4,26.1,30.4
"Fry, David","681807","2024","392","14",".369","88.3",7.5,37.6,"99.146678031",54,24.8,32.9
"Alvarez, Francisco","682626","2024","342","11",".347","88.8",6.7,42,"101.298215536",51.3,29.6,20.5
"De La Cruz, Elly","682829","2024","696","25",".445","91.8",12.7,45.7,"102.95535404",45.3,33.3,24.8
"Abrams, CJ","682928","2024","602","20",".374","88.2",6.9,40.7,"99.496479615",62.1,24.7,28
"Greene, Riley","682985","2024","584","24",".451","91.3",13.4,47.1,"102.088081676",54.2,26.8,27.7
"Carroll, Corbin","682998","2024","684","22",".356","89.3",7.2,40.8,"101.055665665",62.8,20.3,22.1
"Henderson, Gunnar","683002","2024","719","37",".450","92.8",11.2,53.9,"104.002332911",57.2,24.4,23.6
"Volpe, Anthony","683011","2024","689","12",".332","87.7",3.9,35.4,"98.177841555",61.8,22.5,21.6
"Vaughn, Andrew","683734","2024","619","19",".380","90.3",9.3,43.3,"100.921632928",58.4,22,30.9
"Busch, Michael","683737","2024","567","21",".404","90",11.2,39.9,"99.992212321",48.2,28.4,32
"Frelick, Sal","686217","2024","524","2",".287","83.4",0.8,19.5,"94.439757846",76.2,12.8,18
"Pasquantino, Vinnie","686469","2024","554","19",".349","91",7.1,46.5,"100.997993151",71.6,14.5,27.8
"Doyle, Brenton","686668","2024","603","23",".418","89.2",10.5,41.4,"100.983223096",43,29.7,29.2
"Lee, Korey","686676","2024","394","12",".354","88.3",7.5,37.6,"99.5141412",41.4,36.9,23.5
"Massey, Michael","686681","2024","356","14",".352","89.2",7.1,36.9,"98.396031151",66.3,17.9,33
"Brennan, Will","686823","2024","353","8",".324","86",4.6,32.5,"97.132881418",70,18.1,25.1
"Neto, Zach","687263","2024","602","23",".378","88.5",8.4,38.8,"100.130832864",53.4,27,29.2
"Ortiz, Joey","687401","2024","511","11",".330","87.8",4.6,38.4,"99.391509467",66.7,17,20.5
"Horwitz, Spencer","687462","2024","381","12",".364","88.2",8,36.6,"98.212716794",70.4,19.4,25.6
"Keith, Colt","690993","2024","556","13",".364","87.8",5.6,35.3,"98.472613627",55.6,23.2,25
"Winn, Masyn","691026","2024","637","15",".330","87",3.7,32.7,"98.144268452",67.6,18.8,24.3
"Crow-Armstrong, Pete","691718","2024","410","10",".349","88.9",7.4,36.8,"98.797836565",57.9,29.5,29.8
"Gonzales, Nick","693304","2024","387","7",".372","87.9",7.9,36.9,"98.826293958",57.7,24.9,25.9
"Chourio, Jackson","694192","2024","573","21",".395","89.7",7.8,44.9,"100.832969557",53,27.1,24.4
"Schanuel, Nolan","694384","2024","607","13",".332","86.1",3.5,25.4,"95.305191333",71.9,14.3,22.5
"Langford, Wyatt","694671","2024","557","16",".384","89.6",9.3,43.4,"101.211098854",61.5,22.9,28.9
"Wood, James","695578","2024","336","9",".454","92.8",10.6,52,"104.677013333",44.9,29.6,18.2
"Young, Jacob","696285","2024","521","3",".324","85.8",1.6,28.9,"96.872142235",59.1,18.2,15.4
"Merrill, Jackson","701538","2024","593","24",".435","90.4",11.3,43.9,"100.811784978",64.2,20.5,33.1
"Yoshida, Masataka","807799","2024","421","10",".329","88",5.5,37.5,"99.0909025",69.4,14.6,24.4