Season,Name,Tm,PA,GB/FB,LD%,GB%,FB%,IFFB%,HR/FB,IFH%,BUH%,Pull%,Cent%,Oppo%,Soft%,Med%,Hard%,playerId
2024,"Carlos Santana","MIN",187,0,0,0,1,0.155080213,0.117647058,0,0,0.37433155,0.35828877,0.26737968,0.25668449,0.43315508,0.31016043,2396
2024,"Tommy Pham","3 Tms",113,0,0,0,1,0.115044247,0.079646017,0,0,0.17699115,0.32743363,0.49557522,0.18584071,0.50442478,0.30973451,2967
2024,"Anthony Rizzo","NYY",95,0,0,0,1,0.189473684,0.084210526,0,0,0.27368421,0.31578947,0.41052632,0.29473684,0.48421053,0.22105263,3473
2024,"Giancarlo Stanton","NYY",121,0,0,0,1,0.173553719,0.223140495,0,0,0.31404959,0.39669421,0.2892562,0.21487603,0.32231405,0.46280992,4949
2024,"Justin Turner","2 Tms",156,0,0,0,1,0.089743589,0.07051282,0,0,0.29487179,0.37179487,0.33333333,0.18589744,0.47435897,0.33974359,5235
2024,"Freddie Freeman","LAD",174,0,0,0,1,0.028735632,0.126436781,0,0,0.21264368,0.29885057,0.48850575,0.09770115,0.5,0.40229885,5361
2024,"Jose Altuve","HOU",166,0,0,0,1,0.078313253,0.120481927,0,0,0.35542169,0.37349398,0.27108434,0.19879518,0.48192771,0.31927711,5417
2024,"Kyle Higashioka","SDP",90,0,0,0,1,0.1,0.188888888,0,0,0.46666667,0.32222222,0.21111111,0.17777778,0.36666667,0.45555556,5517
2024,"Wilmer Flores","SFG",86,0,0,0,1,0.209302325,0.046511627,0,0,0.27906977,0.41860465,0.30232558,0.36046512,0.40697674,0.23255814,5827
2024,"J.D. Martinez","NYM",123,0,0,0,1,0.073170731,0.1300813,0,0,0.16260163,0.41463415,0.42276423,0.1300813,0.42276423,0.44715447,6184
2024,"Salvador Perez","KCR",208,0,0,0,1,0.100961538,0.129807692,0,0,0.32211538,0.29326923,0.38461538,0.15865385,0.45192308,0.38942308,7304
2024,"Travis d'Arnaud","ATL",79,0,0,0,1,0.075949367,0.189873417,0,0,0.24050633,0.39240506,0.36708861,0.15189873,0.44303797,0.40506329,7739
2024,"Miguel Rojas","LAD",78,0,0,0,1,0.115384615,0.076923076,0,0,0.28205128,0.32051282,0.3974359,0.25641026,0.5,0.24358974,7802
2024,"Charlie Blackmon","COL",149,0,0,0,1,0.140939597,0.080536912,0,0,0.26174497,0.39597315,0.34228188,0.24832215,0.46979866,0.28187919,7859
2024,"Donovan Solano","SDP",72,0,0,0,1,0.083333333,0.111111111,0,0,0.18055556,0.41666667,0.40277778,0.16666667,0.45833333,0.375,8623
2024,"Paul Goldschmidt","STL",153,0,0,0,1,0.071895424,0.143790849,0,0,0.24836601,0.35294118,0.39869281,0.14379085,0.39869281,0.45751634,9218
2024,"Christian Vazquez","MIN",93,0,0,0,1,0.139784946,0.075268817,0,0,0.27956989,0.37634409,0.34408602,0.16129032,0.50537634,0.33333333,9774
2024,"Nolan Arenado","STL",193,0,0,0,1,0.155440414,0.082901554,0,0,0.34196891,0.40414508,0.25388601,0.21761658,0.53367876,0.24870466,9777
2024,"Andrew McCutchen","PIT",133,0,0,0,1,0.127819548,0.150375939,0,0,0.28571429,0.42105263,0.29323308,0.18045113,0.41353383,0.40601504,9847
2024,"Jose Iglesias","NYM",64,0,0,0,1,0.125,0.0625,0,0,0.203125,0.28125,0.515625,0.21875,0.578125,0.203125,10231
2024,"Randal Grichuk","ARI",95,0,0,0,1,0.2,0.126315789,0,0,0.29473684,0.43157895,0.27368421,0.24210526,0.37894737,0.37894737,10243
2024,"Marcell Ozuna","ATL",169,0,0,0,1,0.053254437,0.23076923,0,0,0.34319527,0.33136095,0.32544379,0.10650888,0.36094675,0.53254438,10324
2024,"Jon Singleton","HOU",103,0,0,0,1,0.058252427,0.126213592,0,0,0.22330097,0.41747573,0.3592233,0.17475728,0.46601942,0.3592233,10441
2024,"Enrique Hernandez","LAD",127,0,0,0,1,0.094488188,0.094488188,0,0,0.23622047,0.39370079,0.37007874,0.18897638,0.48031496,0.33070866,10472
2024,"Gio Urshela","2 Tms",111,0,0,0,1,0.054054054,0.081081081,0,0,0.18918919,0.38738739,0.42342342,0.18018018,0.52252252,0.2972973,10681
2024,"Jurickson Profar","SDP",176,0,0,0,1,0.079545454,0.130681818,0,0,0.27272727,0.375,0.35227273,0.22159091,0.46590909,0.3125,10815
2024,"Adam Duvall","ATL",104,0,0,0,1,0.163461538,0.096153846,0,0,0.40384615,0.32692308,0.26923077,0.28846154,0.40384615,0.30769231,10950
2024,"Whit Merrifield","2 Tms",83,0,0,0,1,0.084337349,0.048192771,0,0,0.21686747,0.36144578,0.42168675,0.22891566,0.57831325,0.19277108,11281
2024,"Yasmani Grandal","PIT",62,0,0,0,1,0.064516129,0.14516129,0,0,0.30645161,0.35483871,0.33870968,0.16129032,0.40322581,0.43548387,11368
2024,"Gary Sanchez","MIL",71,0,0,0,1,0.084507042,0.154929577,0,0,0.29577465,0.50704225,0.1971831,0.15492958,0.47887324,0.36619718,11442
2024,"Mark Canha","2 Tms",102,0,0,0,1,0.117647058,0.06862745,0,0,0.31372549,0.34313725,0.34313725,0.23529412,0.5,0.26470588,11445
2024,"Manny Machado","SDP",180,0,0,0,1,0.133333333,0.155555555,0,0,0.25,0.42222222,0.32777778,0.2,0.42777778,0.37222222,11493
2024,"Bryce Harper","PHI",164,0,0,0,1,0.042682926,0.182926829,0,0,0.20731707,0.32926829,0.46341463,0.11585366,0.48170732,0.40243902,11579
2024,"Willson Contreras","STL",76,0,0,0,1,0.157894736,0.197368421,0,0,0.23684211,0.38157895,0.38157895,0.23684211,0.36842105,0.39473684,11609
2024,"Brandon Drury","LAA",68,0,0,0,1,0.147058823,0.058823529,0,0,0.08823529,0.39705882,0.51470588,0.25,0.54411765,0.20588235,11615
2024,"Elias Diaz","2 Tms",77,0,0,0,1,0.129870129,0.077922077,0,0,0.25974026,0.37662338,0.36363636,0.19480519,0.53246753,0.27272727,11680
2024,"Nick Castellanos","PHI",182,0,0,0,1,0.043956043,0.126373626,0,0,0.23626374,0.37912088,0.38461538,0.13736264,0.5,0.36263736,11737
2024,"J.T. Realmuto","PHI",93,0,0,0,1,0.096774193,0.150537634,0,0,0.23655914,0.33333333,0.43010753,0.16129032,0.35483871,0.48387097,11739
2024,"Joc Pederson","ARI",106,0,0,0,1,0.141509433,0.216981132,0,0,0.3490566,0.40566038,0.24528302,0.19811321,0.41509434,0.38679245,11899
2024,"Max Kepler","MIN",127,0,0,0,1,0.070866141,0.062992125,0,0,0.22834646,0.36220472,0.40944882,0.17322835,0.54330709,0.28346457,12144
2024,"Nick Ahmed","3 Tms",61,0,0,0,1,0.114754098,0.032786885,0,0,0.24590164,0.47540984,0.27868852,0.24590164,0.49180328,0.26229508,12147
2024,"Eddie Rosario","2 Tms",91,0,0,0,1,0.076923076,0.109890109,0,0,0.23076923,0.28571429,0.48351648,0.12087912,0.48351648,0.3956044,12155
2024,"Xander Bogaerts","SDP",122,0,0,0,1,0.081967213,0.090163934,0,0,0.22131148,0.45901639,0.31967213,0.16393443,0.55737705,0.27868852,12161
2024,"Kevin Pillar","2 Tms",100,0,0,0,1,0.12,0.08,0,0,0.29,0.36,0.35,0.26,0.45,0.29,12434
2024,"Marcus Semien","TEX",232,0,0,0,1,0.137931034,0.099137931,0,0,0.35344828,0.34051724,0.30603448,0.20258621,0.47844828,0.31896552,12533
2024,"Eugenio Suarez","ARI",177,0,0,0,1,0.101694915,0.163841807,0,0,0.31638418,0.29943503,0.38418079,0.16949153,0.4519774,0.37853107,12552
2024,"George Springer","TOR",142,0,0,0,1,0.105633802,0.126760563,0,0,0.25352113,0.35915493,0.38732394,0.17605634,0.48591549,0.33802817,12856
2024,"James McCann","BAL",65,0,0,0,1,0.092307692,0.123076923,0,0,0.24615385,0.30769231,0.44615385,0.2,0.49230769,0.30769231,12859
2024,"Anthony Rendon","LAA",71,0,0,0,1,0.14084507,0,0,0,0.14084507,0.43661972,0.42253521,0.25352113,0.49295775,0.25352113,12861
2024,"Francisco Lindor","NYM",213,0,0,0,1,0.07511737,0.154929577,0,0,0.26760563,0.40375587,0.3286385,0.11737089,0.46478873,0.41784038,12916
2024,"Brandon Nimmo","NYM",158,0,0,0,1,0.056962025,0.14556962,0,0,0.19620253,0.35443038,0.44936709,0.14556962,0.49367089,0.36075949,12927
2024,"Javier Baez","DET",72,0,0,0,1,0.125,0.083333333,0,0,0.30555556,0.375,0.31944444,0.26388889,0.5,0.23611111,12979
2024,"Teoscar Hernandez","LAD",147,0,0,0,1,0.054421768,0.210884353,0,0,0.17006803,0.39455782,0.43537415,0.11564626,0.44217687,0.44217687,13066
2024,"Josh Bell","2 Tms",139,0,0,0,1,0.064748201,0.129496402,0,0,0.17985612,0.34532374,0.47482014,0.17266187,0.43884892,0.38848921,13145
2024,"Jorge Polanco","SEA",117,0,0,0,1,0.042735042,0.119658119,0,0,0.33333333,0.39316239,0.27350427,0.09401709,0.54700855,0.35897436,13152
2024,"Orlando Arcia","ATL",154,0,0,0,1,0.181818181,0.11038961,0,0,0.33766234,0.33116883,0.33116883,0.24675325,0.3961039,0.35714286,13185
2024,"Max Muncy","LAD",90,0,0,0,1,0.144444444,0.155555555,0,0,0.3,0.38888889,0.31111111,0.2,0.45555556,0.34444444,13301
2024,"Ildemaro Vargas","WSN",68,0,0,0,1,0.073529411,0.014705882,0,0,0.36764706,0.26470588,0.36764706,0.19117647,0.55882353,0.25,13324
2024,"Christian Walker","ARI",166,0,0,0,1,0.126506024,0.156626506,0,0,0.28915663,0.34939759,0.36144578,0.1746988,0.40963855,0.41566265,13419
2024,"Jose Ramirez","CLE",266,0,0,0,1,0.109022556,0.146616541,0,0,0.37593985,0.31578947,0.30827068,0.22180451,0.45112782,0.32706767,13510
2024,"Jesse Winker","2 Tms",108,0,0,0,1,0.12037037,0.129629629,0,0,0.21296296,0.28703704,0.5,0.30555556,0.34259259,0.35185185,13590
2024,"Patrick Wisdom","CHC",66,0,0,0,1,0.121212121,0.121212121,0,0,0.27272727,0.3030303,0.42424242,0.22727273,0.48484848,0.28787879,13602
2024,"Mookie Betts","LAD",193,0,0,0,1,0.088082901,0.098445595,0,0,0.24870466,0.40932642,0.34196891,0.19689119,0.43523316,0.36787565,13611
2024,"Ketel Marte","ARI",140,0,0,0,1,0.078571428,0.25,0,0,0.33571429,0.36428571,0.3,0.15714286,0.31428571,0.52857143,13613
2024,"Carson Kelly","2 Tms",89,0,0,0,1,0.13483146,0.101123595,0,0,0.17977528,0.42696629,0.39325843,0.28089888,0.3258427,0.39325843,13620
2024,"Jeimer Candelario","CIN",127,0,0,0,1,0.070866141,0.157480314,0,0,0.37007874,0.2992126,0.33070866,0.15748031,0.4488189,0.39370079,13621
2024,"Corey Seager","TEX",161,0,0,0,1,0.03726708,0.180124223,0,0,0.28571429,0.37267081,0.34161491,0.08074534,0.41614907,0.50310559,13624
2024,"Tyrone Taylor","NYM",95,0,0,0,1,0.168421052,0.07368421,0,0,0.23157895,0.35789474,0.41052632,0.25263158,0.42105263,0.32631579,13675
2024,"Jacob Stallings","COL",64,0,0,0,1,0.109375,0.140625,0,0,0.21875,0.421875,0.359375,0.15625,0.375,0.46875,13723
2024,"Rob Refsnyder","BOS",64,0,0,0,1,0.125,0.171875,0,0,0.234375,0.34375,0.421875,0.25,0.4375,0.3125,13770
2024,"Joey Gallo","WSN",64,0,0,0,1,0.171875,0.15625,0,0,0.359375,0.34375,0.296875,0.234375,0.390625,0.375,14128
2024,"Byron Buxton","MIN",120,0,0,0,1,0.15,0.141666666,0,0,0.3,0.39166667,0.30833333,0.2,0.48333333,0.31666667,14161
2024,"Carlos Correa","MIN",95,0,0,0,1,0.105263157,0.147368421,0,0,0.30526316,0.28421053,0.41052632,0.17894737,0.46315789,0.35789474,14162
2024,"Jorge Soler","2 Tms",164,0,0,0,1,0.140243902,0.12804878,0,0,0.22560976,0.42682927,0.34756098,0.21341463,0.40243902,0.38414634,14221
2024,"Mitch Haniger","SEA",93,0,0,0,1,0.107526881,0.129032258,0,0,0.21505376,0.33333333,0.4516129,0.13978495,0.50537634,0.35483871,14274
2024,"Matt Olson","ATL",187,0,0,0,1,0.07486631,0.155080213,0,0,0.28877005,0.35828877,0.35294118,0.14973262,0.45989305,0.39037433,14344
2024,"Joey Meneses","WSN",77,0,0,0,1,0.077922077,0.038961038,0,0,0.20779221,0.42857143,0.36363636,0.14285714,0.53246753,0.32467532,14366
2024,"Jake Cave","COL",65,0,0,0,1,0.015384615,0.107692307,0,0,0.16923077,0.38461538,0.44615385,0.10769231,0.43076923,0.46153846,14477
2024,"Anthony Santander","BAL",258,0,0,0,1,0.166666666,0.162790697,0,0,0.37984496,0.29844961,0.32170543,0.25968992,0.37984496,0.36046512,14551
2024,"Manuel Margot","MIN",106,0,0,0,1,0.113207547,0.037735849,0,0,0.14150943,0.49056604,0.36792453,0.24528302,0.5,0.25471698,14712
2024,"Kyle Farmer","MIN",76,0,0,0,1,0.039473684,0.065789473,0,0,0.23684211,0.35526316,0.40789474,0.14473684,0.56578947,0.28947368,14813
2024,"Mike Yastrzemski","SFG",138,0,0,0,1,0.115942028,0.123188405,0,0,0.37681159,0.29710145,0.32608696,0.15942029,0.47826087,0.36231884,14854
2024,"Ryan McMahon","COL",121,0,0,0,1,0.041322314,0.165289256,0,0,0.12396694,0.40495868,0.47107438,0.09090909,0.40495868,0.50413223,15112
2024,"Mitch Garver","SEA",115,0,0,0,1,0.104347826,0.12173913,0,0,0.28695652,0.43478261,0.27826087,0.17391304,0.52173913,0.30434783,15161
2024,"Jake Bauers","MIL",90,0,0,0,1,0.088888888,0.133333333,0,0,0.33333333,0.35555556,0.31111111,0.17777778,0.45555556,0.36666667,15194
2024,"Adam Frazier","KCR",73,0,0,0,1,0.06849315,0.05479452,0,0,0.26027397,0.35616438,0.38356164,0.19178082,0.50684932,0.30136986,15223
2024,"Mike Tauchman","CHC",95,0,0,0,1,0.07368421,0.07368421,0,0,0.14736842,0.32631579,0.52631579,0.12631579,0.51578947,0.35789474,15274
2024,"Jeff McNeil","NYM",147,0,0,0,1,0.108843537,0.06802721,0,0,0.32653061,0.38095238,0.29251701,0.23809524,0.46938776,0.29251701,15362
2024,"Hunter Renfroe","KCR",139,0,0,0,1,0.129496402,0.107913669,0,0,0.38848921,0.36690647,0.24460432,0.26618705,0.43165468,0.30215827,15464
2024,"J.P. Crawford","SEA",105,0,0,0,1,0.085714285,0.085714285,0,0,0.20952381,0.43809524,0.35238095,0.20952381,0.45714286,0.33333333,15491
2024,"Amed Rosario","3 Tms",72,0,0,0,1,0.111111111,0.027777777,0,0,0.13888889,0.40277778,0.45833333,0.19444444,0.52777778,0.27777778,15518
2024,"Aaron Judge","NYY",180,0,0,0,1,0.055555555,0.322222222,0,0,0.22222222,0.38333333,0.39444444,0.07222222,0.38888889,0.53888889,15640
2024,"Dominic Smith","2 Tms",78,0,0,0,1,0.038461538,0.076923076,0,0,0.17948718,0.42307692,0.3974359,0.06410256,0.51282051,0.42307692,15653
2024,"Rowdy Tellez","PIT",129,0,0,0,1,0.131782945,0.100775193,0,0,0.27131783,0.33333333,0.39534884,0.25581395,0.47286822,0.27131783,15679
2024,"Tyler O'Neill","BOS",119,0,0,0,1,0.151260504,0.25210084,0,0,0.38655462,0.3697479,0.24369748,0.18487395,0.43697479,0.37815126,15711
2024,"Miguel Andujar","OAK",83,0,0,0,1,0.144578313,0.036144578,0,0,0.18072289,0.40963855,0.40963855,0.36144578,0.45783133,0.18072289,15878
2024,"Willy Adames","MIL",219,0,0,0,1,0.114155251,0.146118721,0,0,0.25570776,0.37899543,0.3652968,0.18721461,0.43378995,0.37899543,15986
2024,"Cody Bellinger","CHC",199,0,0,0,1,0.085427135,0.090452261,0,0,0.34170854,0.31155779,0.34673367,0.18592965,0.52763819,0.28643216,15998
2024,"Trea Turner","PHI",149,0,0,0,1,0.073825503,0.140939597,0,0,0.32214765,0.31543624,0.36241611,0.14765101,0.47651007,0.37583893,16252
2024,"Michael Conforto","SFG",131,0,0,0,1,0.13740458,0.145038167,0,0,0.30534351,0.3129771,0.38167939,0.22900763,0.3740458,0.39694656,16376
2024,"Thairo Estrada","SFG",98,0,0,0,1,0.153061224,0.091836734,0,0,0.29591837,0.36734694,0.33673469,0.26530612,0.42857143,0.30612245,16426
2024,"Ryan O'Hearn","BAL",151,0,0,0,1,0.072847682,0.099337748,0,0,0.17880795,0.35099338,0.47019868,0.1589404,0.45695364,0.38410596,16442
2024,"Rhys Hoskins","MIL",148,0,0,0,1,0.135135135,0.168918918,0,0,0.40540541,0.32432432,0.27027027,0.21621622,0.39189189,0.39189189,16472
2024,"Kyle Schwarber","PHI",154,0,0,0,1,0.149350649,0.227272727,0,0,0.37662338,0.34415584,0.27922078,0.21428571,0.37012987,0.41558442,16478
2024,"Matt Chapman","SFG",190,0,0,0,1,0.163157894,0.136842105,0,0,0.27368421,0.40526316,0.32105263,0.2,0.44210526,0.35789474,16505
2024,"Isiah Kiner-Falefa","2 Tms",122,0,0,0,1,0.122950819,0.06557377,0,0,0.18032787,0.41803279,0.40163934,0.2295082,0.47540984,0.29508197,16512
2024,"Mauricio Dubon","HOU",127,0,0,0,1,0.11023622,0.023622047,0,0,0.23622047,0.2992126,0.46456693,0.28346457,0.54330709,0.17322835,16530
2024,"Danny Jansen","2 Tms",117,0,0,0,1,0.162393162,0.076923076,0,0,0.4017094,0.34188034,0.25641026,0.23076923,0.47008547,0.2991453,16535
2024,"Ozzie Albies","ATL",146,0,0,0,1,0.164383561,0.06849315,0,0,0.30821918,0.37671233,0.31506849,0.21917808,0.49315068,0.28767123,16556
2024,"Connor Joe","PIT",116,0,0,0,1,0.189655172,0.077586206,0,0,0.32758621,0.32758621,0.34482759,0.30172414,0.42241379,0.27586207,16572
2024,"Yandy Diaz","TBR",132,0,0,0,1,0.151515151,0.098484848,0,0,0.15909091,0.33333333,0.50757576,0.20454545,0.43181818,0.36363636,16578
2024,"Jose Trevino","NYY",65,0,0,0,1,0.092307692,0.107692307,0,0,0.38461538,0.26153846,0.35384615,0.16923077,0.55384615,0.27692308,16725
2024,"Jonah Heim","TEX",148,0,0,0,1,0.114864864,0.081081081,0,0,0.26351351,0.37837838,0.35810811,0.20945946,0.47972973,0.31081081,16930
2024,"Lane Thomas","2 Tms",138,0,0,0,1,0.195652173,0.101449275,0,0,0.23913043,0.34782609,0.41304348,0.29710145,0.39855072,0.30434783,16939
2024,"Gleyber Torres","NYY",185,0,0,0,1,0.086486486,0.075675675,0,0,0.12432432,0.36216216,0.51351351,0.17297297,0.51891892,0.30810811,16997
2024,"Edmundo Sosa","PHI",67,0,0,0,1,0.134328358,0.089552238,0,0,0.14925373,0.3880597,0.46268657,0.23880597,0.47761194,0.28358209,17022
2024,"Alex Verdugo","NYY",160,0,0,0,1,0.06875,0.08125,0,0,0.15,0.34375,0.50625,0.16875,0.51875,0.3125,17027
2024,"Ramon Laureano","2 Tms",71,0,0,0,1,0.042253521,0.154929577,0,0,0.22535211,0.35211268,0.42253521,0.08450704,0.47887324,0.43661972,17128
2024,"Willi Castro","MIN",154,0,0,0,1,0.071428571,0.077922077,0,0,0.24675325,0.33766234,0.41558442,0.15584416,0.5,0.34415584,17338
2024,"Rafael Devers","BOS",141,0,0,0,1,0.09929078,0.19858156,0,0,0.22695035,0.40425532,0.36879433,0.19148936,0.40425532,0.40425532,17350
2024,"Jose Siri","TBR",101,0,0,0,1,0.0990099,0.178217821,0,0,0.27722772,0.41584158,0.30693069,0.16831683,0.32673267,0.5049505,17452
2024,"Eloy Jimenez","2 Tms",73,0,0,0,1,0.136986301,0.08219178,0,0,0.1369863,0.54794521,0.31506849,0.23287671,0.39726027,0.36986301,17484
2024,"Taylor Ward","LAA",194,0,0,0,1,0.051546391,0.128865979,0,0,0.17525773,0.36082474,0.46391753,0.09793814,0.46391753,0.43814433,17548
2024,"Alex Bregman","HOU",226,0,0,0,1,0.128318584,0.110619469,0,0,0.26548673,0.31858407,0.4159292,0.25663717,0.44690265,0.29646018,17678
2024,"Kevin Newman","ARI",72,0,0,0,1,0.097222222,0.041666666,0,0,0.13888889,0.33333333,0.52777778,0.25,0.56944444,0.18055556,17696
2024,"Willie Calhoun","LAA",74,0,0,0,1,0.162162162,0.067567567,0,0,0.25675676,0.43243243,0.31081081,0.25675676,0.51351351,0.22972973,17838
2024,"Tyler Nevin","OAK",69,0,0,0,1,0.04347826,0.101449275,0,0,0.11594203,0.31884058,0.56521739,0.13043478,0.56521739,0.30434783,17893
2024,"Andrew Benintendi","CHW",162,0,0,0,1,0.074074074,0.12345679,0,0,0.28395062,0.36419753,0.35185185,0.12962963,0.46296296,0.40740741,17901
2024,"Brendan Rodgers","COL",95,0,0,0,1,0.042105263,0.136842105,0,0,0.26315789,0.32631579,0.41052632,0.15789474,0.46315789,0.37894737,17907
2024,"Ian Happ","CHC",168,0,0,0,1,0.071428571,0.136904761,0,0,0.25595238,0.36309524,0.38095238,0.1547619,0.42857143,0.41666667,17919
2024,"Cedric Mullins","BAL",168,0,0,0,1,0.154761904,0.101190476,0,0,0.32738095,0.33928571,0.33333333,0.2797619,0.4702381,0.25,17929
2024,"Ty France","2 Tms",134,0,0,0,1,0.111940298,0.097014925,0,0,0.24626866,0.31343284,0.44029851,0.1641791,0.50746269,0.32835821,17982
2024,"Tyler Stephenson","CIN",115,0,0,0,1,0.086956521,0.165217391,0,0,0.17391304,0.39130435,0.43478261,0.13043478,0.49565217,0.37391304,17988
2024,"Paul DeJong","2 Tms",134,0,0,0,1,0.149253731,0.179104477,0,0,0.2761194,0.35074627,0.37313433,0.21641791,0.41791045,0.36567164,18015
2024,"Harrison Bader","NYM",113,0,0,0,1,0.159292035,0.10619469,0,0,0.39823009,0.37168142,0.2300885,0.24778761,0.45132743,0.30088496,18030
2024,"Jake Cronenworth","SDP",170,0,0,0,1,0.064705882,0.1,0,0,0.20588235,0.35294118,0.44117647,0.18823529,0.46470588,0.34705882,18036
2024,"Dylan Moore","SEA",128,0,0,0,1,0.140625,0.0703125,0,0,0.421875,0.328125,0.25,0.1875,0.5390625,0.2734375,18042
2024,"LaMonte Wade Jr.","SFG",93,0,0,0,1,0.043010752,0.075268817,0,0,0.27956989,0.34408602,0.37634409,0.11827957,0.50537634,0.37634409,18126
2024,"Seth Brown","OAK",108,0,0,0,1,0.101851851,0.129629629,0,0,0.16666667,0.43518519,0.39814815,0.2037037,0.46296296,0.33333333,18171
2024,"Dansby Swanson","CHC",131,0,0,0,1,0.083969465,0.114503816,0,0,0.19083969,0.4351145,0.3740458,0.15267176,0.45038168,0.39694656,18314
2024,"Kyle Tucker","HOU",118,0,0,0,1,0.076271186,0.194915254,0,0,0.27966102,0.25423729,0.46610169,0.1440678,0.44067797,0.41525424,18345
2024,"Austin Riley","ATL",133,0,0,0,1,0.067669172,0.142857142,0,0,0.19548872,0.41353383,0.39097744,0.14285714,0.38345865,0.47368421,18360
2024,"Victor Robles","2 Tms",67,0,0,0,1,0.149253731,0.059701492,0,0,0.32835821,0.31343284,0.35820896,0.20895522,0.47761194,0.31343284,18363
2024,"Ryan Mountcastle","BAL",124,0,0,0,1,0.080645161,0.104838709,0,0,0.16935484,0.35483871,0.47580645,0.15322581,0.45967742,0.38709677,18373
2024,"Trent Grisham","NYY",60,0,0,0,1,0.1,0.15,0,0,0.33333333,0.4,0.26666667,0.2,0.43333333,0.36666667,18564
2024,"Luis Arraez","2 Tms",195,0,0,0,1,0.056410256,0.02051282,0,0,0.18461538,0.41025641,0.40512821,0.17948718,0.56410256,0.25641026,18568
2024,"Ke'Bryan Hayes","PIT",83,0,0,0,1,0.084337349,0.048192771,0,0,0.09638554,0.3253012,0.57831325,0.21686747,0.45783133,0.3253012,18577
2024,"Ramon Urias","BAL",85,0,0,0,1,0.152941176,0.129411764,0,0,0.22352941,0.42352941,0.35294118,0.2,0.45882353,0.34117647,18795
2024,"Andy Ibanez","DET",73,0,0,0,1,0.219178082,0.06849315,0,0,0.23287671,0.31506849,0.45205479,0.32876712,0.42465753,0.24657534,18819
2024,"Josh Naylor","CLE",167,0,0,0,1,0.107784431,0.173652694,0,0,0.26946108,0.38323353,0.34730539,0.18562874,0.46107784,0.35329341,18839
2024,"Brandon Lowe","TBR",115,0,0,0,1,0.104347826,0.173913043,0,0,0.32173913,0.37391304,0.30434783,0.15652174,0.3826087,0.46086957,18882
2024,"Leody Taveras","TEX",152,0,0,0,1,0.105263157,0.078947368,0,0,0.19078947,0.34210526,0.46710526,0.23026316,0.49342105,0.27631579,18900
2024,"Will Smith","LAD",180,0,0,0,1,0.038888888,0.105555555,0,0,0.18888889,0.38333333,0.42777778,0.08888889,0.50555556,0.40555556,19197
2024,"Lourdes Gurriel Jr.","ARI",171,0,0,0,1,0.087719298,0.105263157,0,0,0.30994152,0.33333333,0.35672515,0.21637427,0.39766082,0.38596491,19238
2024,"Pete Alonso","NYM",185,0,0,0,1,0.102702702,0.183783783,0,0,0.25405405,0.30810811,0.43783784,0.18378378,0.43783784,0.37837838,19251
2024,"Jake Fraley","CIN",89,0,0,0,1,0.11235955,0.04494382,0,0,0.24719101,0.37078652,0.38202247,0.26966292,0.50561798,0.2247191,19260
2024,"Garrett Hampson","KCR",66,0,0,0,1,0.166666666,0,0,0,0.18181818,0.33333333,0.48484848,0.27272727,0.42424242,0.3030303,19262
2024,"Adolis Garcia","TEX",175,0,0,0,1,0.12,0.137142857,0,0,0.23428571,0.32,0.44571429,0.20571429,0.39428571,0.4,19287
2024,"Randy Arozarena","2 Tms",157,0,0,0,1,0.146496815,0.127388535,0,0,0.33121019,0.35031847,0.31847134,0.20382166,0.42038217,0.37579618,19290
2024,"Nick Senzel","2 Tms",69,0,0,0,1,0.144927536,0.101449275,0,0,0.23188406,0.4057971,0.36231884,0.27536232,0.36231884,0.36231884,19293
2024,"Bryan Reynolds","PIT",151,0,0,0,1,0.033112582,0.15231788,0,0,0.22516556,0.33774834,0.43708609,0.07284768,0.50993377,0.41721854,19326
2024,"Nicky Lopez","CHW",86,0,0,0,1,0.058139534,0.011627906,0,0,0.11627907,0.30232558,0.58139535,0.1744186,0.63953488,0.18604651,19339
2024,"Luke Raley","SEA",97,0,0,0,1,0.092783505,0.216494845,0,0,0.22680412,0.42268041,0.35051546,0.17525773,0.41237113,0.41237113,19354
2024,"Austin Hays","2 Tms",69,0,0,0,1,0.115942028,0.072463768,0,0,0.30434783,0.36231884,0.33333333,0.24637681,0.43478261,0.31884058,19363
2024,"Zach McKinstry","DET",97,0,0,0,1,0.041237113,0.041237113,0,0,0.18556701,0.45360825,0.36082474,0.11340206,0.57731959,0.30927835,19392
2024,"Jake Rogers","DET",91,0,0,0,1,0.054945054,0.109890109,0,0,0.24175824,0.43956044,0.31868132,0.0989011,0.43956044,0.46153846,19452
2024,"TJ Friedl","CIN",109,0,0,0,1,0.128440366,0.119266055,0,0,0.40366972,0.30275229,0.29357798,0.23853211,0.51376147,0.24770642,19522
2024,"Yordan Alvarez","HOU",219,0,0,0,1,0.05936073,0.150684931,0,0,0.19178082,0.41552511,0.39269406,0.12785388,0.47031963,0.40182648,19556
2024,"Nathaniel Lowe","TEX",107,0,0,0,1,0.093457943,0.14953271,0,0,0.1588785,0.3364486,0.5046729,0.1588785,0.5046729,0.3364486,19566
2024,"Chas McCormick","HOU",63,0,0,0,1,0.095238095,0.079365079,0,0,0.12698413,0.44444444,0.42857143,0.15873016,0.50793651,0.33333333,19599
2024,"Bryan De La Cruz","2 Tms",155,0,0,0,1,0.051612903,0.129032258,0,0,0.15483871,0.37419355,0.47096774,0.12903226,0.47096774,0.4,19600
2024,"Otto Lopez","MIA",84,0,0,0,1,0.071428571,0.071428571,0,0,0.10714286,0.46428571,0.42857143,0.11904762,0.5,0.38095238,19608
2024,"Keibert Ruiz","WSN",189,0,0,0,1,0.158730158,0.068783068,0,0,0.38624339,0.4021164,0.21164021,0.25925926,0.51851852,0.22222222,19610
2024,"Vladimir Guerrero Jr.","TOR",175,0,0,0,1,0.062857142,0.171428571,0,0,0.18285714,0.38285714,0.43428571,0.13714286,0.39428571,0.46857143,19611
2024,"Bo Bichette","TOR",75,0,0,0,1,0.066666666,0.053333333,0,0,0.13333333,0.36,0.50666667,0.16,0.48,0.36,19612
2024,"Brent Rooker","OAK",170,0,0,0,1,0.082352941,0.223529411,0,0,0.29411765,0.37058824,0.33529412,0.15294118,0.39411765,0.45294118,19627
2024,"Fernando Tatis Jr.","SDP",103,0,0,0,1,0.077669902,0.203883495,0,0,0.21359223,0.33009709,0.45631068,0.12621359,0.38834951,0.48543689,19709
2024,"Josh Rojas","SEA",133,0,0,0,1,0.052631578,0.052631578,0,0,0.2406015,0.45112782,0.30827068,0.15037594,0.5112782,0.33834586,19734
2024,"Shohei Ohtani","LAD",193,0,0,0,1,0.051813471,0.279792746,0,0,0.23316062,0.39378238,0.37305699,0.13471503,0.37823834,0.48704663,19755
2024,"Abraham Toro","OAK",100,0,0,0,1,0.09,0.06,0,0,0.25,0.36,0.39,0.23,0.48,0.29,19844
2024,"Emmanuel Rivera","2 Tms",64,0,0,0,1,0.03125,0.078125,0,0,0.171875,0.390625,0.4375,0.1875,0.328125,0.484375,19890
2024,"Connor Wong","BOS",118,0,0,0,1,0.161016949,0.101694915,0,0,0.31355932,0.27966102,0.40677966,0.24576271,0.47457627,0.27966102,19896
2024,"Gavin Sheets","CHW",144,0,0,0,1,0.118055555,0.069444444,0,0,0.3125,0.38888889,0.29861111,0.20833333,0.47916667,0.3125,19901
2024,"Jesus Sanchez","MIA",103,0,0,0,1,0.097087378,0.165048543,0,0,0.19417476,0.30097087,0.50485437,0.11650485,0.42718447,0.45631068,19913
2024,"Daulton Varsho","TOR",166,0,0,0,1,0.174698795,0.108433734,0,0,0.36144578,0.27108434,0.36746988,0.29518072,0.42771084,0.27710843,19918
2024,"Blake Perkins","MIL",99,0,0,0,1,0.07070707,0.06060606,0,0,0.2020202,0.38383838,0.41414141,0.14141414,0.48484848,0.37373737,19921
2024,"Andres Gimenez","CLE",142,0,0,0,1,0.091549295,0.056338028,0,0,0.20422535,0.38732394,0.4084507,0.23943662,0.51408451,0.24647887,19950
2024,"Josh Lowe","TBR",97,0,0,0,1,0.082474226,0.103092783,0,0,0.18556701,0.28865979,0.5257732,0.19587629,0.4742268,0.32989691,19953
2024,"Gavin Lux","LAD",99,0,0,0,1,0.101010101,0.101010101,0,0,0.19191919,0.46464646,0.34343434,0.22222222,0.43434343,0.34343434,19955
2024,"Mickey Moniak","LAA",126,0,0,0,1,0.166666666,0.103174603,0,0,0.23809524,0.38888889,0.37301587,0.26984127,0.42857143,0.3015873,19956
2024,"Santiago Espinal","CIN",113,0,0,0,1,0.10619469,0.079646017,0,0,0.2300885,0.32743363,0.44247788,0.24778761,0.54867257,0.20353982,19997
2024,"Isaac Paredes","2 Tms",203,0,0,0,1,0.206896551,0.08866995,0,0,0.43349754,0.32019704,0.24630542,0.27586207,0.48768473,0.2364532,20036
2024,"Luis Robert Jr.","CHW",104,0,0,0,1,0.067307692,0.125,0,0,0.17307692,0.42307692,0.40384615,0.125,0.53846154,0.33653846,20043
2024,"Juan Soto","NYY",164,0,0,0,1,0.085365853,0.243902439,0,0,0.22560976,0.37195122,0.40243902,0.13414634,0.38414634,0.48170732,20123
2024,"Dylan Carlson","2 Tms",62,0,0,0,1,0.112903225,0.048387096,0,0,0.29032258,0.30645161,0.40322581,0.17741935,0.5483871,0.27419355,20126
2024,"Miguel Vargas","2 Tms",77,0,0,0,1,0.077922077,0.064935064,0,0,0.27272727,0.33766234,0.38961039,0.15584416,0.61038961,0.23376623,20178
2024,"Brandon Marsh","PHI",101,0,0,0,1,0.04950495,0.158415841,0,0,0.15841584,0.2970297,0.54455446,0.11881188,0.40594059,0.47524752,20202
2024,"Jo Adell","LAA",130,0,0,0,1,0.146153846,0.153846153,0,0,0.30769231,0.32307692,0.36923077,0.18461538,0.5,0.31538462,20220
2024,"Ben Rortvedt","TBR",66,0,0,0,1,0.151515151,0.045454545,0,0,0.22727273,0.36363636,0.40909091,0.27272727,0.48484848,0.24242424,20287
2024,"Jake Meyers","HOU",133,0,0,0,1,0.090225563,0.075187969,0,0,0.18045113,0.39097744,0.42857143,0.16541353,0.5112782,0.32330827,20308
2024,"Stuart Fairchild","CIN",72,0,0,0,1,0.180555555,0.097222222,0,0,0.31944444,0.36111111,0.31944444,0.36111111,0.31944444,0.31944444,20321
2024,"Ernie Clement","TOR",164,0,0,0,1,0.134146341,0.073170731,0,0,0.29878049,0.3597561,0.34146341,0.25,0.48780488,0.26219512,20352
2024,"Luis Garcia Jr.","WSN",133,0,0,0,1,0.045112781,0.135338345,0,0,0.15037594,0.34586466,0.5037594,0.13533835,0.45864662,0.40601504,20391
2024,"Royce Lewis","MIN",102,0,0,0,1,0.176470588,0.147058823,0,0,0.42156863,0.32352941,0.25490196,0.23529412,0.38235294,0.38235294,20437
2024,"Jazz Chisholm Jr.","2 Tms",142,0,0,0,1,0.084507042,0.169014084,0,0,0.27464789,0.38028169,0.34507042,0.17605634,0.3943662,0.42957746,20454
2024,"William Contreras","MIL",133,0,0,0,1,0.090225563,0.157894736,0,0,0.18045113,0.37593985,0.44360902,0.13533835,0.39849624,0.46616541,20503
2024,"Jose Miranda","MIN",144,0,0,0,1,0.111111111,0.0625,0,0,0.29861111,0.38194444,0.31944444,0.25694444,0.46527778,0.27777778,20538
2024,"Elehuris Montero","COL",81,0,0,0,1,0.086419753,0.049382716,0,0,0.27160494,0.34567901,0.38271605,0.22222222,0.45679012,0.32098765,20543
2024,"Lars Nootbaar","STL",82,0,0,0,1,0.036585365,0.146341463,0,0,0.25609756,0.37804878,0.36585366,0.13414634,0.43902439,0.42682927,21454
2024,"Nico Hoerner","CHC",164,0,0,0,1,0.12804878,0.042682926,0,0,0.18902439,0.34756098,0.46341463,0.25,0.5304878,0.2195122,21479
2024,"Trevor Larnach","MIN",100,0,0,0,1,0.04,0.13,0,0,0.21,0.39,0.4,0.1,0.53,0.37,21501
2024,"Jonathan India","CIN",150,0,0,0,1,0.106666666,0.093333333,0,0,0.28,0.4,0.32,0.22666667,0.42666667,0.34666667,21523
2024,"Joey Bart","PIT",62,0,0,0,1,0.064516129,0.209677419,0,0,0.27419355,0.37096774,0.35483871,0.12903226,0.48387097,0.38709677,21524
2024,"Cal Raleigh","SEA",195,0,0,0,1,0.128205128,0.169230769,0,0,0.35897436,0.33333333,0.30769231,0.21538462,0.41025641,0.37435897,21534
2024,"Nick Fortes","MIA",107,0,0,0,1,0.252336448,0.037383177,0,0,0.35514019,0.30841121,0.3364486,0.38317757,0.42990654,0.18691589,21538
2024,"Matt Vierling","DET",151,0,0,0,1,0.099337748,0.092715231,0,0,0.19205298,0.36423841,0.44370861,0.23178808,0.46357616,0.30463576,21558
2024,"Kyle Isbel","KCR",98,0,0,0,1,0.112244897,0.071428571,0,0,0.2244898,0.34693878,0.42857143,0.25510204,0.5,0.24489796,21614
2024,"Alec Bohm","PHI",156,0,0,0,1,0.07051282,0.096153846,0,0,0.16025641,0.41025641,0.42948718,0.16025641,0.5,0.33974359,21618
2024,"Jake McCarthy","ARI",102,0,0,0,1,0.049019607,0.078431372,0,0,0.2254902,0.38235294,0.39215686,0.16666667,0.57843137,0.25490196,21622
2024,"Jeremy Pena","HOU",156,0,0,0,1,0.096153846,0.096153846,0,0,0.26282051,0.38461538,0.3525641,0.18589744,0.48076923,0.33333333,21636
2024,"Miguel Amaya","CHC",97,0,0,0,1,0.113402061,0.082474226,0,0,0.16494845,0.37113402,0.46391753,0.16494845,0.48453608,0.35051546,21693
2024,"Oswaldo Cabrera","NYY",87,0,0,0,1,0.114942528,0.08045977,0,0,0.18390805,0.43678161,0.37931034,0.25287356,0.49425287,0.25287356,21707
2024,"Oneil Cruz","PIT",123,0,0,0,1,0.105691056,0.170731707,0,0,0.2601626,0.38211382,0.35772358,0.15447154,0.40650407,0.43902439,21711
2024,"Enmanuel Valdez","BOS",72,0,0,0,1,0.138888888,0.083333333,0,0,0.33333333,0.36111111,0.30555556,0.19444444,0.47222222,0.33333333,21716
2024,"Freddy Fermin","KCR",83,0,0,0,1,0.180722891,0.072289156,0,0,0.30120482,0.38554217,0.31325301,0.25301205,0.45783133,0.28915663,21840
2024,"Will Benson","CIN",84,0,0,0,1,0.047619047,0.166666666,0,0,0.29761905,0.4047619,0.29761905,0.13095238,0.46428571,0.4047619,21853
2024,"Bo Naylor","CLE",111,0,0,0,1,0.126126126,0.117117117,0,0,0.34234234,0.36936937,0.28828829,0.26126126,0.44144144,0.2972973,21865
2024,"Christopher Morel","2 Tms",153,0,0,0,1,0.176470588,0.137254901,0,0,0.28104575,0.43137255,0.2875817,0.26797386,0.38562092,0.34640523,21897
2024,"Mark Vientos","NYM",102,0,0,0,1,0.098039215,0.25490196,0,0,0.21568627,0.40196078,0.38235294,0.17647059,0.37254902,0.45098039,22184
2024,"Brice Turang","MIL",116,0,0,0,1,0.086206896,0.060344827,0,0,0.1637931,0.37931034,0.45689655,0.17241379,0.53448276,0.29310345,22186
2024,"MJ Melendez","KCR",123,0,0,0,1,0.105691056,0.1300813,0,0,0.29268293,0.32520325,0.38211382,0.20325203,0.39837398,0.39837398,22197
2024,"Luis Campusano","SDP",84,0,0,0,1,0.083333333,0.095238095,0,0,0.35714286,0.33333333,0.30952381,0.20238095,0.53571429,0.26190476,22217
2024,"Jack Suwinski","PIT",60,0,0,0,1,0.083333333,0.133333333,0,0,0.3,0.3,0.4,0.2,0.48333333,0.31666667,22244
2024,"Nolan Gorman","STL",106,0,0,0,1,0.103773584,0.16981132,0,0,0.26415094,0.48113208,0.25471698,0.16037736,0.41509434,0.4245283,22263
2024,"Jake Burger","MIA",158,0,0,0,1,0.120253164,0.183544303,0,0,0.32911392,0.34177215,0.32911392,0.13924051,0.39873418,0.46202532,22275
2024,"Taylor Walls","TBR",69,0,0,0,1,0.144927536,0.014492753,0,0,0.24637681,0.37681159,0.37681159,0.27536232,0.4057971,0.31884058,22458
2024,"Heliot Ramos","SFG",127,0,0,0,1,0.070866141,0.173228346,0,0,0.1496063,0.37795276,0.47244094,0.12598425,0.45669291,0.41732283,22515
2024,"Tyler Freeman","CLE",106,0,0,0,1,0.113207547,0.066037735,0,0,0.23584906,0.41509434,0.3490566,0.25471698,0.52830189,0.21698113,22532
2024,"Lawrence Butler","OAK",116,0,0,0,1,0.051724137,0.181034482,0,0,0.18965517,0.43103448,0.37931034,0.13793103,0.46551724,0.39655172,22542
2024,"Jarred Kelenic","ATL",113,0,0,0,1,0.097345132,0.132743362,0,0,0.2300885,0.39823009,0.37168142,0.16964286,0.42857143,0.40178571,22558
2024,"Alejandro Kirk","TOR",98,0,0,0,1,0.173469387,0.051020408,0,0,0.15306122,0.33673469,0.51020408,0.25510204,0.3877551,0.35714286,22581
2024,"Gabriel Moreno","ARI",82,0,0,0,1,0.097560975,0.060975609,0,0,0.14634146,0.32926829,0.52439024,0.19512195,0.46341463,0.34146341,22664
2024,"Maikel Garcia","KCR",145,0,0,0,1,0.096551724,0.048275862,0,0,0.2,0.34482759,0.45517241,0.13793103,0.54482759,0.31724138,22715
2024,"Geraldo Perdomo","ARI",110,0,0,0,1,0.136363636,0.027272727,0,0,0.2,0.39090909,0.40909091,0.3,0.49090909,0.20909091,22799
2024,"Wenceel Perez","DET",124,0,0,0,1,0.14516129,0.072580645,0,0,0.32258065,0.34677419,0.33064516,0.24193548,0.44354839,0.31451613,22857
2024,"Lenyn Sosa","CHW",100,0,0,0,1,0.12,0.08,0,0,0.23,0.33,0.44,0.2,0.48,0.32,22896
2024,"Yainer Diaz","HOU",128,0,0,0,1,0.0859375,0.109375,0,0,0.1875,0.3828125,0.4296875,0.15625,0.4296875,0.4140625,23003
2024,"Nelson Velazquez","KCR",71,0,0,0,1,0.126760563,0.112676056,0,0,0.28169014,0.33802817,0.38028169,0.14084507,0.53521127,0.32394366,23359
2024,"Jose Caballero","TBR",111,0,0,0,1,0.126126126,0.081081081,0,0,0.32432432,0.44144144,0.23423423,0.27927928,0.48648649,0.23423423,23401
2024,"Davis Schneider","TOR",128,0,0,0,1,0.109375,0.1015625,0,0,0.234375,0.359375,0.40625,0.1640625,0.484375,0.3515625,23565
2024,"Brayan Rocchio","CLE",100,0,0,0,1,0.06,0.08,0,0,0.18,0.41,0.41,0.18,0.5,0.32,23690
2024,"Julio Rodriguez","SEA",145,0,0,0,1,0.08275862,0.137931034,0,0,0.22068966,0.33793103,0.44137931,0.17931034,0.45517241,0.36551724,23697
2024,"Ezequiel Duran","TEX",77,0,0,0,1,0.129870129,0.038961038,0,0,0.19480519,0.33766234,0.46753247,0.19480519,0.54545455,0.25974026,23733
2024,"Wilyer Abreu","BOS",132,0,0,0,1,0.121212121,0.113636363,0,0,0.31060606,0.34848485,0.34090909,0.21969697,0.43939394,0.34090909,23772
2024,"Parker Meadows","DET",93,0,0,0,1,0.17204301,0.096774193,0,0,0.25806452,0.38709677,0.35483871,0.25806452,0.4516129,0.29032258,23800
2024,"Ezequiel Tovar","COL",211,0,0,0,1,0.104265402,0.123222748,0,0,0.25118483,0.39810427,0.3507109,0.15165877,0.42180095,0.42654028,24064
2024,"Ceddanne Rafaela","BOS",145,0,0,0,1,0.172413793,0.103448275,0,0,0.25517241,0.33793103,0.40689655,0.22068966,0.47586207,0.30344828,24262
2024,"Johan Rojas","PHI",82,0,0,0,1,0.158536585,0.036585365,0,0,0.26829268,0.37804878,0.35365854,0.34146341,0.36585366,0.29268293,24336
2024,"Max Schuemann","OAK",117,0,0,0,1,0.128205128,0.059829059,0,0,0.18803419,0.36752137,0.44444444,0.18803419,0.51282051,0.2991453,24488
2024,"Richie Palacios","TBR",70,0,0,0,1,0.185714285,0.071428571,0,0,0.32857143,0.38571429,0.28571429,0.3,0.45714286,0.24285714,24589
2024,"Steven Kwan","CLE",166,0,0,0,1,0.054216867,0.084337349,0,0,0.24698795,0.37349398,0.37951807,0.14457831,0.59638554,0.25903614,24610
2024,"Jarren Duran","BOS",179,0,0,0,1,0.083798882,0.117318435,0,0,0.18435754,0.34078212,0.47486034,0.17318436,0.43575419,0.39106145,24617
2024,"Ryan Jeffers","MIN",140,0,0,0,1,0.121428571,0.135714285,0,0,0.30714286,0.35,0.34285714,0.25,0.45,0.3,24618
2024,"Brendan Donovan","STL",187,0,0,0,1,0.112299465,0.07486631,0,0,0.20320856,0.36363636,0.43315508,0.20855615,0.43315508,0.35828877,24679
2024,"Jonah Bride","MIA",67,0,0,0,1,0.208955223,0.164179104,0,0,0.47761194,0.19402985,0.32835821,0.29850746,0.35820896,0.34328358,24703
2024,"Logan O'Hoppe","LAA",123,0,0,0,1,0.081300813,0.162601626,0,0,0.19512195,0.40650407,0.39837398,0.1300813,0.47154472,0.39837398,24729
2024,"Andy Pages","LAD",136,0,0,0,1,0.095588235,0.080882352,0,0,0.23529412,0.38970588,0.375,0.23529412,0.42647059,0.33823529,24816
2024,"David Fry","CLE",112,0,0,0,1,0.107142857,0.125,0,0,0.36607143,0.29464286,0.33928571,0.21428571,0.48214286,0.30357143,24934
2024,"Brenton Doyle","COL",154,0,0,0,1,0.071428571,0.149350649,0,0,0.21428571,0.3961039,0.38961039,0.1038961,0.41558442,0.48051948,25479
2024,"Joey Ortiz","MIL",125,0,0,0,1,0.088,0.088,0,0,0.272,0.312,0.416,0.2,0.464,0.336,25493
2024,"Korey Lee","CHW",90,0,0,0,1,0.077777777,0.133333333,0,0,0.28888889,0.32222222,0.38888889,0.13333333,0.5,0.36666667,25543
2024,"Will Brennan","CLE",103,0,0,0,1,0.116504854,0.077669902,0,0,0.23300971,0.34951456,0.41747573,0.27184466,0.47572816,0.25242718,25660
2024,"Bobby Witt Jr.","KCR",239,0,0,0,1,0.10878661,0.121338912,0,0,0.20920502,0.38493724,0.40585774,0.15899582,0.47698745,0.36401674,25764
2024,"CJ Abrams","WSN",174,0,0,0,1,0.103448275,0.114942528,0,0,0.31034483,0.35632184,0.33333333,0.21264368,0.4137931,0.37356322,25768
2024,"Jared Triolo","PIT",110,0,0,0,1,0.054545454,0.072727272,0,0,0.2,0.36363636,0.43636364,0.11818182,0.59090909,0.29090909,25807
2024,"Shea Langeliers","OAK",151,0,0,0,1,0.139072847,0.185430463,0,0,0.30463576,0.42384106,0.27152318,0.20529801,0.42384106,0.37086093,25816
2024,"Michael Toglia","COL",108,0,0,0,1,0.037037037,0.222222222,0,0,0.28703704,0.41666667,0.2962963,0.14814815,0.33333333,0.51851852,25845
2024,"Corbin Carroll","ARI",183,0,0,0,1,0.202185792,0.120218579,0,0,0.2568306,0.31147541,0.43169399,0.28415301,0.35519126,0.36065574,25878
2024,"Michael Harris II","ATL",104,0,0,0,1,0.115384615,0.153846153,0,0,0.22115385,0.41346154,0.36538462,0.17307692,0.46153846,0.36538462,25931
2024,"Kerry Carpenter","DET",86,0,0,0,1,0.093023255,0.197674418,0,0,0.27906977,0.3255814,0.39534884,0.11627907,0.43023256,0.45348837,25961
2024,"Riley Greene","DET",124,0,0,0,1,0.04032258,0.18548387,0,0,0.18548387,0.46774194,0.34677419,0.08870968,0.46774194,0.44354839,25976
2024,"Francisco Alvarez","NYM",71,0,0,0,1,0.112676056,0.154929577,0,0,0.23943662,0.33802817,0.42253521,0.16901408,0.45070423,0.38028169,26121
2024,"Andrew Vaughn","CHW",203,0,0,0,1,0.152709359,0.08866995,0,0,0.22660099,0.40394089,0.36945813,0.22660099,0.408867,0.36453202,26197
2024,"Tyler Fitzgerald","SFG",90,0,0,0,1,0.033333333,0.166666666,0,0,0.35555556,0.28888889,0.35555556,0.2,0.47777778,0.32222222,26208
2024,"Adley Rutschman","BAL",204,0,0,0,1,0.107843137,0.093137254,0,0,0.31372549,0.34803922,0.33823529,0.22058824,0.49509804,0.28431373,26288
2024,"Gunnar Henderson","BAL",155,0,0,0,1,0.077419354,0.232258064,0,0,0.2516129,0.35483871,0.39354839,0.14193548,0.38709677,0.47096774,26289
2024,"Bryson Stott","PHI",155,0,0,0,1,0.083870967,0.070967741,0,0,0.21935484,0.30967742,0.47096774,0.22580645,0.50967742,0.26451613,26294
2024,"Michael Busch","CHC",136,0,0,0,1,0.110294117,0.154411764,0,0,0.23529412,0.35294118,0.41176471,0.16911765,0.44117647,0.38970588,26319
2024,"Spencer Steer","CIN",194,0,0,0,1,0.159793814,0.103092783,0,0,0.29896907,0.34020619,0.36082474,0.22680412,0.44329897,0.32989691,26323
2024,"Jonny DeLuca","TBR",106,0,0,0,1,0.16981132,0.056603773,0,0,0.26415094,0.36792453,0.36792453,0.31132075,0.41509434,0.27358491,26365
2024,"JJ Bleday","OAK",213,0,0,0,1,0.122065727,0.093896713,0,0,0.28638498,0.38967136,0.32394366,0.20657277,0.45539906,0.33802817,26368
2024,"Josh Smith","TEX",151,0,0,0,1,0.099337748,0.086092715,0,0,0.2781457,0.39735099,0.32450331,0.18543046,0.54966887,0.26490066,26396
2024,"Matt Wallner","MIN",60,0,0,0,1,0.116666666,0.216666666,0,0,0.3,0.38333333,0.31666667,0.23333333,0.3,0.46666667,26466
2024,"Spencer Horwitz","TOR",95,0,0,0,1,0.115789473,0.126315789,0,0,0.27368421,0.23157895,0.49473684,0.22105263,0.36842105,0.41052632,26477
2024,"Elly De La Cruz","CIN",131,0,0,0,1,0.053435114,0.175572519,0,0,0.14503817,0.41221374,0.44274809,0.12977099,0.47328244,0.39694656,26668
2024,"Spencer Torkelson","DET",121,0,0,0,1,0.14876033,0.082644628,0,0,0.2892562,0.40495868,0.30578512,0.25619835,0.49586777,0.24793388,27465
2024,"Patrick Bailey","SFG",105,0,0,0,1,0.047619047,0.076190476,0,0,0.2,0.42857143,0.37142857,0.1047619,0.60952381,0.28571429,27478
2024,"Masyn Winn","STL",179,0,0,0,1,0.111731843,0.083798882,0,0,0.25139665,0.35195531,0.39664804,0.20670391,0.51396648,0.27932961,27479
2024,"Nick Gonzales","PIT",101,0,0,0,1,0.07920792,0.06930693,0,0,0.28712871,0.32673267,0.38613861,0.12871287,0.53465347,0.33663366,27490
2024,"Ha-Seong Kim","SDP",138,0,0,0,1,0.144927536,0.079710144,0,0,0.30434783,0.34057971,0.35507246,0.22463768,0.52898551,0.24637681,27506
2024,"David Hamilton","BOS",89,0,0,0,1,0.056179775,0.08988764,0,0,0.24719101,0.34831461,0.40449438,0.16853933,0.56179775,0.26966292,27531
2024,"Austin Wells","NYY",117,0,0,0,1,0.102564102,0.102564102,0,0,0.26495726,0.38461538,0.35042735,0.17948718,0.43589744,0.38461538,27562
2024,"Alec Burleson","STL",175,0,0,0,1,0.114285714,0.12,0,0,0.21142857,0.34857143,0.44,0.15428571,0.49714286,0.34857143,27615
2024,"Anthony Volpe","NYY",137,0,0,0,1,0.09489051,0.08759124,0,0,0.18248175,0.39416058,0.42335766,0.13138686,0.53284672,0.33576642,27647
2024,"Vinnie Pasquantino","KCR",188,0,0,0,1,0.101063829,0.101063829,0,0,0.29787234,0.39893617,0.30319149,0.19148936,0.40957447,0.39893617,27676
2024,"Michael Massey","KCR",120,0,0,0,1,0.083333333,0.116666666,0,0,0.31666667,0.35833333,0.325,0.14166667,0.49166667,0.36666667,27684
2024,"Brett Wisely","SFG",78,0,0,0,1,0.076923076,0.051282051,0,0,0.21794872,0.37179487,0.41025641,0.16666667,0.55128205,0.28205128,27735
2024,"Pete Crow-Armstrong","CHC",111,0,0,0,1,0.081081081,0.081081081,0,0,0.25225225,0.40540541,0.34234234,0.13513514,0.56756757,0.2972973,27769
2024,"Jordan Westburg","BAL",124,0,0,0,1,0.072580645,0.14516129,0,0,0.28225806,0.33870968,0.37903226,0.15322581,0.38709677,0.45967742,27815
2024,"Colt Keith","DET",140,0,0,0,1,0.057142857,0.092857142,0,0,0.21428571,0.35714286,0.42857143,0.16428571,0.57857143,0.25714286,27899
2024,"Jackson Chourio","MIL",128,0,0,0,1,0.046875,0.15625,0,0,0.2109375,0.453125,0.3359375,0.1328125,0.4453125,0.421875,28806
2024,"Jackson Merrill","SDP",184,0,0,0,1,0.038043478,0.130434782,0,0,0.19021739,0.48369565,0.32608696,0.11956522,0.4076087,0.47282609,29490
2024,"Colton Cowser","BAL",129,0,0,0,1,0.015503875,0.186046511,0,0,0.1627907,0.44186047,0.39534884,0.0620155,0.42635659,0.51162791,29591
2024,"Sal Frelick","MIL",131,0,0,0,1,0.145038167,0.015267175,0,0,0.20610687,0.4351145,0.35877863,0.27480916,0.53435115,0.19083969,29622
2024,"Hunter Goodman","COL",68,0,0,0,1,0.132352941,0.19117647,0,0,0.33823529,0.33823529,0.32352941,0.16176471,0.41176471,0.42647059,29715
2024,"Zack Gelof","OAK",118,0,0,0,1,0.110169491,0.144067796,0,0,0.21186441,0.42372881,0.36440678,0.16101695,0.49152542,0.34745763,29766
2024,"Jacob Young","WSN",83,0,0,0,1,0.072289156,0.036144578,0,0,0.09638554,0.3253012,0.57831325,0.18072289,0.59036145,0.22891566,29931
2024,"Seiya Suzuki","CHC",167,0,0,0,1,0.071856287,0.125748502,0,0,0.16167665,0.50898204,0.32934132,0.16167665,0.43712575,0.4011976,30116
2024,"Zach Neto","LAA",154,0,0,0,1,0.09090909,0.149350649,0,0,0.33116883,0.32467532,0.34415584,0.14935065,0.45454545,0.3961039,31347
2024,"Masataka Yoshida","BOS",117,0,0,0,1,0.094017094,0.085470085,0,0,0.23076923,0.38461538,0.38461538,0.13675214,0.52136752,0.34188034,31837
2024,"Nolan Schanuel","LAA",129,0,0,0,1,0.038759689,0.100775193,0,0,0.28682171,0.35658915,0.35658915,0.15503876,0.53488372,0.31007752,33189
2024,"Wyatt Langford","TEX",161,0,0,0,1,0.149068322,0.099378881,0,0,0.32298137,0.31055901,0.36645963,0.2484472,0.40372671,0.34782609,33333