Season,Name,Tm,PA,BB%,K%,BB/K,AVG,OBP,SLG,OPS,ISO,BABIP,wRC,wRAA,wOBA,wRC+,playerId
2024,"Carlos Santana","MIN",187,0,0,0,0.172972972,0.171122994,0.562162162,0.733285156,0.38918919,0.06060606,20.37792975759905,-1.4961448281367478,0.30023637939901915,95.66241981454894,2396
2024,"Tommy Pham","3 Tms",113,0,0,0,0.196428571,0.194690265,0.544642857,0.739333122,0.348214286,0.125,12.619627841727926,-0.5983958384225824,0.3035974586959434,94.94028863810823,2967
2024,"Anthony Rizzo","NYY",95,0,0,0,0.180851063,0.178947368,0.478723404,0.657670772,0.297872341,0.103448275,8.179591408847097,-2.932906375350234,0.2718195061934622,74.98967384251844,3473
2024,"Giancarlo Stanton","NYY",121,0,0,0,0.35,0.347107438,1.108333333,1.455440771,0.758333333,0.159574468,42.13124023424085,27.97742726700004,0.5974506011679153,304.062199780561,4949
2024,"Justin Turner","2 Tms",156,0,0,0,0.206666666,0.198717948,0.52,0.718717948,0.313333334,0.137931034,15.841299097149415,-2.406592001111463,0.29100993810555875,91.71466916415542,5235
2024,"Freddie Freeman","LAD",174,0,0,0,0.221556886,0.212643678,0.700598802,0.91324248,0.479041916,0.09868421,28.021005226674887,7.667588232460828,0.364926693083226,136.98123230166627,5361
2024,"Jose Altuve","HOU",166,0,0,0,0.240963855,0.240963855,0.668674698,0.909638553,0.427710843,0.136986301,28.461382596880316,9.04375488975656,0.3778652247176113,151.14143272884542,5417
2024,"Kyle Higashioka","SDP",90,0,0,0,0.247191011,0.244444444,0.853932584,1.098377028,0.606741573,0.06849315,20.55125435596882,10.023624876202927,0.44855126142501833,195.24427853464005,5517
2024,"Wilmer Flores","SFG",86,0,0,0,0.109756097,0.104651162,0.292682926,0.397334088,0.182926829,0.060975609,-0.36351073783596033,-10.423245574056702,0.15959307066229886,-0.9529731296862366,5827
2024,"J.D. Martinez","NYM",123,0,0,0,0.297520661,0.292682926,0.82644628,1.119129206,0.528925619,0.186915887,29.03795919428361,14.650198905270221,0.45815987703276845,201.55292665942258,6184
2024,"Salvador Perez","KCR",208,0,0,0,0.221674876,0.216346153,0.674876847,0.891223,0.453201971,0.099447513,33.017140768459086,8.686619304111243,0.3620641157031059,134.01182818351907,7304
2024,"Travis d'Arnaud","ATL",79,0,0,0,0.298701298,0.29113924,0.961038961,1.252178201,0.662337663,0.125,21.740367004543426,12.4994477945267,0.5067559103422528,229.545366694068,7739
2024,"Miguel Rojas","LAD",78,0,0,0,0.142857142,0.141025641,0.415584415,0.556610056,0.272727273,0.069444444,3.997223831904546,-5.126721717225894,0.22851506104836097,45.1673820579608,7802
2024,"Charlie Blackmon","COL",149,0,0,0,0.216216216,0.2147651,0.581081081,0.795846181,0.364864865,0.145985401,19.499702818348446,2.070627346291578,0.32744272123247187,96.94948716981348,7859
2024,"Donovan Solano","SDP",72,0,0,0,0.239436619,0.236111111,0.647887323,0.883998434,0.408450704,0.140625,11.531202460087407,3.1090988762746945,0.36382754809326595,138.21974029039424,8623
2024,"Paul Goldschmidt","STL",153,0,0,0,0.282894736,0.281045751,0.835526315,1.116572066,0.552631579,0.160305343,36.26516110860567,18.368190993003655,0.45933550323536193,200.29390244356247,9218
2024,"Christian Vazquez","MIN",93,0,0,0,0.188888888,0.182795698,0.488888888,0.671684586,0.3,0.116279069,8.10494691069365,-2.7736035517311044,0.2731228259301955,76.58878011577606,9774
2024,"Nolan Arenado","STL",193,0,0,0,0.187165775,0.18134715,0.475935828,0.657282978,0.288770053,0.107344632,16.07079707068557,-6.505119480367956,0.26830020593238,71.7147929043201,9777
2024,"Andrew McCutchen","PIT",133,0,0,0,0.27480916,0.270676691,0.82442748,1.095104171,0.54961832,0.14159292,30.271179547326508,14.713682649450245,0.4476263720290105,188.35854905669044,9847
2024,"Jose Iglesias","NYM",61,0,0,0,0.213114754,0.213114754,0.44262295,0.655737704,0.229508196,0.157894736,5.49205949747147,-1.6433338165920792,0.2767057536078281,79.42256676473086,10231
2024,"Randal Grichuk","ARI",95,0,0,0,0.215053763,0.210526315,0.677419354,0.887945669,0.462365591,0.096385542,14.93855022963691,3.826052445439578,0.36021492983165543,130.4769607589536,10243
2024,"Marcell Ozuna","ATL",168,0,0,0,0.375757575,0.369047619,1.169696969,1.538744588,0.793939394,0.178294573,62.56837015411728,42.91679512522095,0.6275656123956045,310.8581090669336,10324
2024,"Jon Singleton","HOU",103,0,0,0,0.24,0.233009708,0.71,0.943009708,0.47,0.122222222,17.95572377574571,5.907436704458078,0.381435116517891,153.65275349837984,10441
2024,"Enrique Hernandez","LAD",127,0,0,0,0.166666666,0.16535433,0.5,0.66535433,0.333333334,0.078260869,11.1324808062766,-3.723174126281937,0.2737531906037819,75.6155688463513,10472
2024,"Gio Urshela","2 Tms",108,0,0,0,0.192307692,0.185185185,0.519230769,0.704415954,0.326923077,0.111111111,10.42372075774902,-2.2094346179700497,0.284759427662249,82.22986503272988,10681
2024,"Jurickson Profar","SDP",176,0,0,0,0.245614035,0.238636363,0.701754385,0.940390748,0.45614035,0.124183006,30.773901776343266,10.186537460356629,0.38208652423186734,150.50921205893425,10815
2024,"Adam Duvall","ATL",104,0,0,0,0.145631067,0.144230769,0.456310679,0.600541448,0.310679612,0.053191489,6.84618580263343,-5.31907492954049,0.2466325553563925,54.46552633662809,10950
2024,"Whit Merrifield","2 Tms",83,0,0,0,0.096385542,0.096385542,0.289156626,0.385542168,0.192771084,0.050632911,-0.40512486225683975,-10.113938715818717,0.15878032776246587,-4.298259124110567,11281
2024,"Yasmani Grandal","PIT",62,0,0,0,0.278688524,0.274193548,0.803278688,1.077472236,0.524590164,0.150943396,13.7979917978056,6.545624822855765,0.44134636271384453,184.13169665275205,11368
2024,"Gary Sanchez","MIL",71,0,0,0,0.264705882,0.253521126,0.838235294,1.09175642,0.573529412,0.116666666,15.463537382586473,7.158407459660047,0.4354423704281659,182.3724597779966,11442
2024,"Mark Canha","2 Tms",102,0,0,0,0.173469387,0.166666666,0.459183673,0.625850339,0.285714286,0.105263157,7.21083818507196,-4.720475225329384,0.2526779724102394,63.08352507347619,11445
2024,"Manny Machado","SDP",180,0,0,0,0.264044943,0.261111111,0.803370786,1.064481897,0.539325843,0.125,39.39144825291027,18.33618929337849,0.4367408116658529,187.29508205246856,11493
2024,"Bryce Harper","PHI",164,0,0,0,0.300613496,0.298780487,0.950920245,1.249700732,0.650306749,0.141791044,46.01361261334927,26.829932227998086,0.5134355992805667,234.64952837449675,11579
2024,"Willson Contreras","STL",76,0,0,0,0.276315789,0.276315789,0.907894736,1.184210525,0.631578947,0.098360655,19.819102538134622,10.92910431077676,0.48884391000396327,220.1549685386463,11609
2024,"Brandon Drury","LAA",68,0,0,0,0.166666666,0.161764705,0.378787878,0.540552583,0.212121212,0.109375,3.144007485655538,-4.8102014546120255,0.22228915200513952,38.38074912911033,11615
2024,"Elias Diaz","2 Tms",77,0,0,0,0.266666666,0.259740259,0.6,0.859740259,0.333333334,0.197183098,11.716756069237634,2.7097841809934815,0.3539005858557565,115.41114286989394,11680
2024,"Nick Castellanos","PHI",182,0,0,0,0.255555555,0.252747252,0.744444444,0.997191696,0.488888889,0.144654088,35.72643082621758,14.43722454491322,0.40873346420434803,164.17822027060146,11737
2024,"J.T. Realmuto","PHI",93,0,0,0,0.239130434,0.236559139,0.77173913,1.008298269,0.532608696,0.101265822,18.503212341215782,7.624661878791028,0.4120385916002335,166.40278475411,11739
2024,"Joc Pederson","ARI",106,0,0,0,0.300970873,0.29245283,1,1.29245283,0.699029127,0.096385542,30.45525956005388,18.056051506107384,0.5218132880498778,239.24310657622826,11899
2024,"Max Kepler","MIN",127,0,0,0,0.182539682,0.181102362,0.468253968,0.64935633,0.285714286,0.12605042,10.561773847024426,-4.2938810855341085,0.2681699925520289,73.10459795382411,12144
2024,"Nick Ahmed","3 Tms",61,0,0,0,0.172413793,0.163934426,0.379310344,0.54324477,0.206896551,0.13559322,2.653104403307015,-4.482288910756534,0.2188825333704714,39.16983418628212,12147
2024,"Eddie Rosario","2 Tms",91,0,0,0,0.181818181,0.175824175,0.579545454,0.755369629,0.397727273,0.074074074,10.180659752159546,-0.4639433884926339,0.3038425406256875,94.0697820614235,12155
2024,"Xander Bogaerts","SDP",122,0,0,0,0.181034482,0.172131147,0.517241379,0.689372526,0.336206897,0.09009009,10.825872704153708,-3.4449139239733904,0.27509419058190016,78.49645220534691,12161
2024,"Kevin Pillar","2 Tms",100,0,0,0,0.183673469,0.18,0.489795918,0.669795918,0.306122449,0.108695652,8.825848022267587,-2.8715180663611823,0.27450008153915406,75.23577767862572,12434
2024,"Marcus Semien","TEX",232,0,0,0,0.181818181,0.181034482,0.541125541,0.722160023,0.35930736,0.09090909,24.783892155320984,-2.353997170297759,0.2975704063629282,93.12842788129278,12533
2024,"Eugenio Suarez","ARI",177,0,0,0,0.289940828,0.276836158,0.887573964,1.164410122,0.597633136,0.135135135,42.68878730369124,21.984449326818325,0.46449457992941645,200.66390914979732,12552
2024,"George Springer","TOR",142,0,0,0,0.242857142,0.239436619,0.714285714,0.953722333,0.471428572,0.129032258,25.74776632475031,9.137506478897457,0.3901258018654837,159.5692495819473,12856
2024,"James McCann","BAL",64,0,0,0,0.278688524,0.265625,0.770491803,1.036116803,0.491803279,0.160714285,12.892632365923657,5.406318069201245,0.415129903703928,178.43523749467911,12859
2024,"Anthony Rendon","LAA",71,0,0,0,0.029411764,0.028169014,0.058823529,0.086992543,0.029411765,0.028169014,-7.400890021043702,-15.706019943970128,0.03533590679437342,-93.13572080784172,12861
2024,"Francisco Lindor","NYM",212,0,0,0,0.242857142,0.240566037,0.776190476,1.016756513,0.533333334,0.105555555,42.944337573581265,18.145921465688282,0.4165217404095632,173.5277679297563,12916
2024,"Brandon Nimmo","NYM",156,0,0,0,0.233766233,0.23076923,0.74025974,0.97102897,0.506493507,0.104477611,29.069572362795824,10.821681264534945,0.3963642089794844,159.9604456684772,12927
2024,"Javier Baez","DET",72,0,0,0,0.144927536,0.138888888,0.449275362,0.58816425,0.304347826,0.06060606,4.083645884752487,-4.338457699060227,0.23531222840150198,50.50490492923441,12979
2024,"Teoscar Hernandez","LAD",147,0,0,0,0.356164383,0.353741496,1.123287671,1.477029167,0.767123288,0.181034482,52.178104433441796,34.982976283157505,0.6058507314344652,299.13869092393253,13066
2024,"Josh Bell","2 Tms",139,0,0,0,0.235294117,0.230215827,0.735294117,0.965509944,0.5,0.115702479,25.326501666445253,9.06716280325126,0.3912225610060657,150.53744163232065,13145
2024,"Jorge Polanco","SEA",117,0,0,0,0.2,0.196581196,0.617391304,0.8139725,0.417391304,0.08737864,15.758572862070977,2.0726545383753185,0.3321865460811517,123.84212880462992,13152
2024,"Orlando Arcia","ATL",153,0,0,0,0.204081632,0.196078431,0.612244897,0.808323328,0.408163265,0.095588235,19.669696557505713,1.7727264419036948,0.32457222424301446,106.92396393798553,13185
2024,"Max Muncy","LAD",90,0,0,0,0.238095238,0.222222222,0.785714285,1.007936507,0.547619047,0.078947368,16.611947784615744,6.084318304849851,0.39416980213589137,156.66373587684188,13301
2024,"Ildemaro Vargas","WSN",68,0,0,0,0.142857142,0.132352941,0.269841269,0.40219421,0.126984127,0.119402985,-0.19529916245604007,-8.149508102723603,0.16127634925000808,-1.4231664088218368,13324
2024,"Christian Walker","ARI",166,0,0,0,0.284810126,0.271084337,0.854430379,1.125514716,0.569620253,0.135714285,37.94964602976239,18.53201832263863,0.4488805747893919,190.15467391636614,13419
2024,"Jose Ramirez","CLE",266,0,0,0,0.248091603,0.244360902,0.77480916,1.019170062,0.526717557,0.114537444,53.73480446514616,22.619810669393637,0.41582959621472465,177.54646340539034,13510
2024,"Jesse Winker","2 Tms",108,0,0,0,0.228571428,0.222222222,0.714285714,0.936507936,0.485714286,0.106382978,18.562331839489342,5.929176463770274,0.3783862160311805,145.75724102561264,13590
2024,"Patrick Wisdom","CHC",66,0,0,0,0.23076923,0.227272727,0.692307692,0.919580419,0.461538462,0.120689655,11.147974249624896,3.427712631129909,0.3747027173186793,144.4082353941588,13602
2024,"Mookie Betts","LAD",193,0,0,0,0.189473684,0.186528497,0.557894736,0.744423233,0.368421052,0.097701149,21.61045320026467,-0.9654633507888556,0.3039616630485021,95.94782441544938,13611
2024,"Ketel Marte","ARI",139,0,0,0,0.333333333,0.316546762,1.189393939,1.505940701,0.856060606,0.086538461,48.05233909692364,31.79300023372965,0.5943547187091636,288.06818074082383,13613
2024,"Carson Kelly","2 Tms",89,0,0,0,0.170454545,0.168539325,0.511363636,0.679902961,0.340909091,0.075,8.196365002209422,-2.214290816670181,0.27926545062761626,80.96334163727735,13620
2024,"Jeimer Candelario","CIN",127,0,0,0,0.258064516,0.251968503,0.822580645,1.074549148,0.564516129,0.112149532,27.628650460991903,12.772995528433366,0.4351344052262194,176.06311740153723,13621
2024,"Corey Seager","TEX",161,0,0,0,0.245283018,0.242236024,0.836477987,1.078714011,0.591194969,0.075757575,35.675143227257685,16.842383824565367,0.4401492591230025,193.4287322783923,13624
2024,"Tyrone Taylor","NYM",93,0,0,0,0.217391304,0.215053763,0.554347826,0.769401589,0.336956522,0.15116279,11.403898063308938,0.5253476008841832,0.3171952078419347,106.67458796003105,13675
2024,"Jacob Stallings","COL",64,0,0,0,0.365079365,0.359375,0.968253968,1.327628968,0.603174603,0.254545454,19.560536603549565,12.074222306827151,0.5445742141455412,243.09302402316223,13723
2024,"Rob Refsnyder","BOS",64,0,0,0,0.301587301,0.296875,0.92063492,1.21750992,0.619047619,0.150943396,17.101938989088723,9.615624692366309,0.4968453533947468,227.49978530010986,13770
2024,"Joey Gallo","WSN",64,0,0,0,0.206349206,0.203125,0.698412698,0.901537698,0.492063492,0.055555555,10.434034751462816,2.947720454740404,0.3674010429531336,137.3120827549109,14128
2024,"Byron Buxton","MIN",120,0,0,0,0.20338983,0.2,0.686440677,0.886440677,0.483050847,0.067961165,18.860192850841543,4.823353544487023,0.36011600295702617,137.78608930541225,14161
2024,"Carlos Correa","MIN",95,0,0,0,0.296703296,0.284210526,0.857142857,1.141353383,0.560439561,0.160493827,22.416106714780586,11.303608930583255,0.45800836086273194,206.65067269923773,14162
2024,"Jorge Soler","2 Tms",162,0,0,0,0.265822784,0.259259259,0.765822784,1.025082043,0.5,0.14893617,32.85140009516799,13.901667031589387,0.41679357304985143,171.14376791905184,14221
2024,"Mitch Haniger","SEA",93,0,0,0,0.228260869,0.225806451,0.673913043,0.899719494,0.445652174,0.111111111,15.343558107571727,4.465007645146972,0.3698271487348823,150.3212582882461,14274
2024,"Matt Olson","ATL",186,0,0,0,0.281767955,0.274193548,0.856353591,1.130547139,0.574585636,0.140127388,43.84397922174718,22.086878296897673,0.45771179212036955,196.5355033958437,14344
2024,"Joey Meneses","WSN",77,0,0,0,0.152777777,0.142857142,0.333333333,0.476190475,0.180555556,0.108108108,1.6098968142057783,-7.397075074038374,0.19082119557764624,18.462425866078522,14366
2024,"Jake Cave","COL",64,0,0,0,0.262295081,0.25,0.737704918,0.987704918,0.475409837,0.157894736,11.782980156785136,4.296665860062723,0.3935881778597832,141.46965717649795,14477
2024,"Anthony Santander","BAL",258,0,0,0,0.233201581,0.22868217,0.778656126,1.007338296,0.545454545,0.078703703,50.65833804523928,20.479133536577056,0.4087969240292098,173.98016034390582,14551
2024,"Manuel Margot","MIN",106,0,0,0,0.134615384,0.132075471,0.307692307,0.439767778,0.173076923,0.098039215,1.4311663130559527,-10.968041740890543,0.18161949796496696,12.218703694246093,14712
2024,"Kyle Farmer","MIN",76,0,0,0,0.175675675,0.171052631,0.472972972,0.644025603,0.297297297,0.112676056,5.911880157811204,-2.97811806954666,0.26149106496258784,68.40615595279047,14813
2024,"Mike Yastrzemski","SFG",138,0,0,0,0.248175182,0.246376811,0.781021897,1.027398708,0.532846715,0.140495867,28.21847936638169,12.076114164073989,0.4188998903053394,173.57728613583353,14854
2024,"Ryan McMahon","COL",121,0,0,0,0.288135593,0.280991735,0.898305084,1.179296819,0.610169491,0.138613861,30.47402356283115,16.32021059559034,0.4777536510436003,198.11846369920366,15112
2024,"Mitch Garver","SEA",115,0,0,0,0.196428571,0.191304347,0.625,0.816304347,0.428571429,0.07920792,15.314279942811167,1.8623089408880837,0.33029679630113684,122.51274177071406,15161
2024,"Jake Bauers","MIL",90,0,0,0,0.188888888,0.188888888,0.633333333,0.822222221,0.444444445,0.064102564,12.572992843968297,2.045363364202406,0.3384127140045166,117.06522599457413,15194
2024,"Adam Frazier","KCR",73,0,0,0,0.123287671,0.123287671,0.315068493,0.438356164,0.191780822,0.072463768,1.0613129598934825,-7.477764284805518,0.18290785894002,7.980325333509226,15223
2024,"Mike Tauchman","CHC",95,0,0,0,0.136842105,0.136842105,0.431578947,0.568421052,0.294736842,0.068181818,5.270987855197027,-5.841509929000304,0.23378003145519055,49.558154189176506,15274
2024,"Jeff McNeil","NYM",147,0,0,0,0.186206896,0.183673469,0.475862068,0.659535537,0.289655172,0.124087591,12.656804332446807,-4.538323817837485,0.2718191925360232,76.13359514434335,15362
2024,"Hunter Renfroe","KCR",139,0,0,0,0.20289855,0.201438848,0.565217391,0.766656239,0.362318841,0.104838709,17.02789448787484,0.7685556246808501,0.3170464613454805,102.34314557101847,15464
2024,"J.P. Crawford","SEA",105,0,0,0,0.201923076,0.2,0.548076923,0.748076923,0.346153847,0.125,12.0714074957675,-0.21082689729270723,0.3076821656454177,106.60397062627563,15491
2024,"Amed Rosario","3 Tms",72,0,0,0,0.154929577,0.152777777,0.352112676,0.504890453,0.197183099,0.128571428,2.503288558565882,-5.918815025246831,0.20804152223798963,32.645984805720815,15518
2024,"Aaron Judge","NYY",180,0,0,0,0.402234636,0.4,1.435754189,1.835754189,1.033519553,0.114754098,85.03276564759616,63.97750668806439,0.7517761356300778,412.62597191896657,15640
2024,"Dominic Smith","2 Tms",78,0,0,0,0.269230769,0.269230769,0.641025641,0.91025641,0.371794872,0.208333333,13.493727578007372,4.369782028876933,0.37978155032182354,145.1268628094616,15653
2024,"Rowdy Tellez","PIT",129,0,0,0,0.208,0.201550387,0.608,0.809550387,0.4,0.112068965,16.8553770623437,1.7657748080125895,0.32718348595523095,107.29269756045352,15679
2024,"Tyler O'Neill","BOS",119,0,0,0,0.364406779,0.361344537,1.20338983,1.564734367,0.838983051,0.146067415,45.62625388633411,31.706388240865877,0.6412114265586147,329.05735013278644,15711
2024,"Miguel Andujar","OAK",83,0,0,0,0.170731707,0.168674698,0.329268292,0.49794299,0.158536585,0.1375,2.9427755719852042,-6.766038281576674,0.20889536156711808,34.70087888486978,15878
2024,"Willy Adames","MIL",219,0,0,0,0.268518518,0.264840182,0.787037037,1.051877219,0.518518519,0.139037433,46.983139209588494,21.365907475491493,0.431390270250573,179.64513430488066,15986
2024,"Cody Bellinger","CHC",199,0,0,0,0.159793814,0.155778894,0.484536082,0.640314976,0.324742268,0.071823204,15.186126781220324,-8.091631735150925,0.25965760161529233,66.97543243670391,15998
2024,"Trea Turner","PHI",149,0,0,0,0.236486486,0.234899328,0.709459459,0.944358787,0.472972973,0.109375,26.908671262735663,9.479595790678797,0.3892223170939708,151.0459564588378,16252
2024,"Michael Conforto","SFG",131,0,0,0,0.28125,0.27480916,0.8515625,1.12637166,0.5703125,0.151785714,30.736535152797043,15.412985576693357,0.45635719153717275,198.78847226806835,16376
2024,"Thairo Estrada","SFG",98,0,0,0,0.15625,0.153061224,0.5,0.653061224,0.34375,0.06741573,7.872256290020474,-3.591162476835721,0.26464840100736037,69.75605823165115,16426
2024,"Ryan O'Hearn","BAL",151,0,0,0,0.208053691,0.205298013,0.590604026,0.795902039,0.382550335,0.117647058,19.574700789411608,1.9116779955821672,0.32590619144060756,115.6688080683634,16442
2024,"Rhys Hoskins","MIL",148,0,0,0,0.243055555,0.236486486,0.798611111,1.035097597,0.555555556,0.081300813,30.20135771231637,12.889255901145793,0.41837992297636495,170.88832919644653,16472
2024,"Kyle Schwarber","PHI",154,0,0,0,0.301369863,0.285714285,1.06849315,1.354207435,0.767123287,0.075630252,45.792157899707576,27.77821412321928,0.5342847302362517,248.68234184298018,16478
2024,"Matt Chapman","SFG",190,0,0,0,0.227513227,0.226315789,0.724867724,0.951183513,0.497354497,0.103658536,34.486055413353995,12.261059844959336,0.3903534864124499,154.3637101898452,16505
2024,"Isiah Kiner-Falefa","2 Tms",122,0,0,0,0.165289256,0.163934426,0.41322314,0.577157566,0.247933884,0.105263157,7.29621657649357,-6.9745700516335285,0.23914855620900138,52.09244514414164,16512
2024,"Mauricio Dubon","HOU",127,0,0,0,0.138211382,0.133858267,0.276422764,0.410281031,0.138211382,0.112903225,0.43386194122399663,-14.42179299133454,0.1690891295906127,4.273187637034816,16530
2024,"Danny Jansen","2 Tms",117,0,0,0,0.140350877,0.136752136,0.412280701,0.549032837,0.271929824,0.064814814,5.491010564389603,-8.194907759306057,0.2231542717697274,40.52187022508522,16535
2024,"Ozzie Albies","ATL",144,0,0,0,0.170212765,0.166666666,0.44680851,0.613475176,0.276595745,0.111111111,9.985887438137743,-6.858319729487683,0.25100310643513996,57.40718986077699,16556
2024,"Connor Joe","PIT",116,0,0,0,0.184210526,0.181034482,0.526315789,0.707350271,0.342105263,0.112149532,11.541941117142187,-2.0270035456671844,0.28846630556830044,81.23353127912341,16572
2024,"Yandy Diaz","TBR",132,0,0,0,0.224806201,0.219696969,0.620155038,0.839852007,0.395348837,0.134453781,18.856292101015935,3.4157688640259574,0.34232734911369556,128.64655564710688,16578
2024,"Jose Trevino","NYY",65,0,0,0,0.206349206,0.2,0.587301587,0.787301587,0.380952381,0.103448275,8.081350209330921,0.47806225172222216,0.31931468340066765,108.40122568950363,16725
2024,"Jonah Heim","TEX",148,0,0,0,0.143835616,0.141891891,0.417808219,0.55970011,0.273972603,0.06617647,7.746227279469413,-9.565874531701164,0.22987293552707982,45.50511768973573,16930
2024,"Lane Thomas","2 Tms",138,0,0,0,0.218045112,0.210144927,0.601503759,0.811648686,0.383458647,0.120967741,18.070221755632122,1.9278565533244207,0.3275336018507031,112.22112103559554,16939
2024,"Gleyber Torres","NYY",185,0,0,0,0.18079096,0.172972972,0.474576271,0.647549243,0.293785311,0.105263157,14.323271830545371,-7.316855433417851,0.2610378175168424,67.405052173557,16997
2024,"Edmundo Sosa","PHI",67,0,0,0,0.23076923,0.223880597,0.615384615,0.839265212,0.384615385,0.147540983,9.435291653321073,1.5980563739397966,0.33981086069078587,117.78885080844945,17022
2024,"Alex Verdugo","NYY",160,0,0,0,0.198675496,0.1875,0.543046357,0.730546357,0.344370861,0.115646258,16.15093766319611,-2.5648480786099204,0.2902602173388004,87.96220732396577,17027
2024,"Ramon Laureano","2 Tms",68,0,0,0,0.298507462,0.294117647,0.850746268,1.144863915,0.552238806,0.172413793,16.640872476466587,8.686663536199026,0.4688917100429535,205.2229716308877,17128
2024,"Willi Castro","MIN",154,0,0,0,0.22,0.214285714,0.58,0.794285714,0.36,0.147887323,19.605959328144955,1.59201555165665,0.3230208158493042,111.6906446686621,17338
2024,"Rafael Devers","BOS",141,0,0,0,0.352941176,0.340425531,1.110294117,1.450719648,0.757352941,0.17699115,47.31556954800224,30.82228336303567,0.5817702636651113,287.24212566911007,17350
2024,"Jose Siri","TBR",101,0,0,0,0.275510204,0.267326732,0.908163265,1.175489997,0.632653061,0.108433734,25.050042014984726,13.235702265469671,0.4729936146500087,220.56668232801408,17452
2024,"Eloy Jimenez","2 Tms",73,0,0,0,0.152777777,0.150684931,0.444444444,0.595129375,0.291666667,0.074626865,4.660617547039234,-3.878459697659768,0.24416677755852267,56.01972345206855,17484
2024,"Taylor Ward","LAA",194,0,0,0,0.22459893,0.216494845,0.705882352,0.922377197,0.481283422,0.100591715,32.005688166863,9.312797954923186,0.3698187974310413,142.1638001031165,17548
2024,"Alex Bregman","HOU",226,0,0,0,0.193693693,0.190265486,0.59009009,0.780355576,0.396396397,0.089552238,27.869618872073183,1.4335715117721655,0.3180578773000599,109.06860751641477,17678
2024,"Kevin Newman","ARI",72,0,0,0,0.185714285,0.180555555,0.385714285,0.56626984,0.2,0.144927536,3.962591391779824,-4.459512192032889,0.23322330746385786,45.003386223153555,17696
2024,"Willie Calhoun","LAA",74,0,0,0,0.136986301,0.135135135,0.410958904,0.546094039,0.273972603,0.072463768,3.478286414491291,-5.177764491093998,0.2232439211896948,39.052403010356045,17838
2024,"Tyler Nevin","OAK",69,0,0,0,0.212121212,0.20289855,0.59090909,0.79380764,0.378787878,0.112903225,8.560285604157603,0.4891030030037529,0.318983755249908,112.14503826208404,17893
2024,"Andrew Benintendi","CHW",162,0,0,0,0.201257861,0.197530864,0.641509433,0.839040297,0.440251572,0.084507042,23.01489436485784,4.065161301279236,0.34135396539429086,123.4003185139146,17901
2024,"Brendan Rodgers","COL",95,0,0,0,0.308510638,0.305263157,0.840425531,1.145688688,0.531914893,0.195121951,23.465405631391878,12.352907847194546,0.4717313653544376,194.06507596282447,17907
2024,"Ian Happ","CHC",168,0,0,0,0.222891566,0.220238095,0.710843373,0.931081468,0.487951807,0.096551724,29.18707957885259,9.535504549956256,0.3806961178779602,148.4421815700957,17919
2024,"Cedric Mullins","BAL",168,0,0,0,0.180722891,0.178571428,0.542168674,0.720740102,0.361445783,0.086092715,17.619515592484134,-2.0320594364121964,0.29514883600530173,94.03185382941874,17929
2024,"Ty France","2 Tms",134,0,0,0,0.207692307,0.201492537,0.584615384,0.786107921,0.376923077,0.115702479,16.60163379090195,0.9271632321394017,0.31877338530412364,107.70647802966062,17982
2024,"Tyler Stephenson","CIN",115,0,0,0,0.274336283,0.269565217,0.858407079,1.127972296,0.584070796,0.125,27.2711431029319,13.819172101008817,0.4594761195390121,192.44666533840672,17988
2024,"Paul DeJong","2 Tms",134,0,0,0,0.236641221,0.231343283,0.832061068,1.063404351,0.595419847,0.063636363,28.580256547610695,12.905785988848141,0.4298379901629775,184.7603879916522,18015
2024,"Harrison Bader","NYM",112,0,0,0,0.188679245,0.178571428,0.556603773,0.735175201,0.367924528,0.08,11.513011661504732,-1.5880383577594892,0.29256044434649603,90.09379897144083,18030
2024,"Jake Cronenworth","SDP",170,0,0,0,0.189349112,0.188235294,0.573964497,0.762199791,0.384615385,0.098039215,20.303458634970127,0.41793628430121865,0.313231281673207,104.16518087573525,18036
2024,"Dylan Moore","SEA",128,0,0,0,0.178861788,0.171875,0.528455284,0.700330284,0.349593496,0.109243697,11.76944672318934,-3.203181870255485,0.27908506616950035,86.48669708406737,18042
2024,"LaMonte Wade Jr.","SFG",93,0,0,0,0.277777777,0.268817204,0.633333333,0.902150537,0.355555556,0.209302325,15.282149961306862,4.403599498882107,0.36900676578603764,139.995986693313,18126
2024,"Seth Brown","OAK",108,0,0,0,0.177570093,0.175925925,0.607476635,0.78340256,0.429906542,0.053191489,13.514080004817181,0.8809246290981102,0.3203109988459834,113.07871765505459,18171
2024,"Dansby Swanson","CHC",131,0,0,0,0.265625,0.259541984,0.7421875,1.001729484,0.4765625,0.163793103,25.58722662218316,10.263677046079474,0.40751994111155737,166.4963493312706,18314
2024,"Kyle Tucker","HOU",118,0,0,0,0.301724137,0.296610169,0.956896551,1.25350672,0.655172414,0.126315789,32.90171611146836,19.098824126886413,0.5112704008312549,244.98830772694484,18345
2024,"Austin Riley","ATL",133,0,0,0,0.257575757,0.255639097,0.787878787,1.043517884,0.53030303,0.131578947,28.211876790871074,12.654379892994811,0.42838915936032634,176.79947522272076,18360
2024,"Victor Robles","2 Tms",67,0,0,0,0.140625,0.134328358,0.390625,0.524953358,0.25,0.079365079,2.457385341296604,-5.379849938084671,0.210413947034238,39.05982313153858,18363
2024,"Ryan Mountcastle","BAL",124,0,0,0,0.262711864,0.25,0.728813559,0.978813559,0.466101695,0.162162162,22.50702279253304,8.002288842633362,0.3903568329349641,161.00806305136112,18373
2024,"Trent Grisham","NYY",60,0,0,0,0.27118644,0.266666666,0.830508474,1.09717514,0.559322034,0.137254901,13.653698840166543,6.635279186989281,0.44757517576217654,198.6289570602221,18564
2024,"Luis Arraez","2 Tms",195,0,0,0,0.128865979,0.128205128,0.278350515,0.406555643,0.149484536,0.109947643,0.6989123101285077,-22.11095156269759,0.16929777157612336,6.190425291711547,18568
2024,"Ke'Bryan Hayes","PIT",83,0,0,0,0.125,0.120481927,0.3125,0.432981927,0.1875,0.075949367,0.7441758965585372,-8.96463795700334,0.175984317997852,5.525879315338186,18577
2024,"Ramon Urias","BAL",85,0,0,0,0.211764705,0.211764705,0.658823529,0.870588234,0.447058824,0.094594594,13.276035108779844,3.33327393344539,0.3588988823049209,138.8782593474993,18795
2024,"Andy Ibanez","DET",73,0,0,0,0.111111111,0.109589041,0.347222222,0.456811263,0.236111111,0.044117647,1.2916644620286148,-7.247412782670387,0.18682836179863915,16.397837264728302,18819
2024,"Josh Naylor","CLE",167,0,0,0,0.25,0.245508982,0.847560975,1.093069957,0.597560975,0.086956521,37.49837142620642,17.963770058196378,0.4438224002986611,197.23863174729627,18839
2024,"Brandon Lowe","TBR",115,0,0,0,0.336283185,0.330434782,1.008849557,1.339284339,0.672566372,0.189473684,35.248697669113,21.79672666718991,0.5456638667894447,271.6882074988245,18882
2024,"Leody Taveras","TEX",152,0,0,0,0.168918918,0.164473684,0.466216216,0.6306899,0.297297298,0.092857142,11.224113865290635,-6.555882589425095,0.25658960718857615,64.29956194462613,18900
2024,"Will Smith","LAD",180,0,0,0,0.231213872,0.222222222,0.647398843,0.869621065,0.416184971,0.130434782,26.833878223728608,5.7786192641968235,0.3500632491376665,126.97717329169478,19197
2024,"Lourdes Gurriel Jr.","ARI",170,0,0,0,0.224242424,0.217647058,0.606060606,0.823707664,0.381818182,0.125,23.321712670692378,3.4361903200234734,0.335290009133956,113.70087720846934,19238
2024,"Pete Alonso","NYM",184,0,0,0,0.276243093,0.27173913,0.911602209,1.183341339,0.635359116,0.106666666,46.92969590305723,25.40654229998029,0.4817310085763102,217.41782255818504,19251
2024,"Jake Fraley","CIN",89,0,0,0,0.15116279,0.146067415,0.372093023,0.518160438,0.220930233,0.105882352,3.2470545910122004,-7.163601227867404,0.21017336979340973,24.64979208762356,19260
2024,"Garrett Hampson","KCR",66,0,0,0,0.109375,0.106060606,0.21875,0.324810606,0.109375,0.106060606,-1.719244381045614,-9.439505999540602,0.13248030164025046,-27.494075317478522,19262
2024,"Adolis Garcia","TEX",175,0,0,0,0.217647058,0.211428571,0.7,0.911428571,0.482352942,0.086092715,28.598330361871344,8.127939706770999,0.36788216045924593,142.59081449778475,19287
2024,"Randy Arozarena","2 Tms",157,0,0,0,0.196078431,0.191082802,0.653594771,0.844677573,0.45751634,0.0729927,22.25898726936516,3.894122510217994,0.3409933360518923,128.44994513679146,19290
2024,"Nick Senzel","2 Tms",69,0,0,0,0.173913043,0.173913043,0.507246376,0.681159419,0.333333333,0.080645161,6.540984870288739,-1.5301977308651127,0.282623619273089,81.98575560159925,19293
2024,"Bryan Reynolds","PIT",151,0,0,0,0.268456375,0.264900662,0.838926174,1.103826836,0.570469799,0.1328125,34.6815695433083,17.018546749478855,0.45020618186091743,190.0949279125889,19326
2024,"Nicky Lopez","CHW",86,0,0,0,0.081395348,0.081395348,0.186046511,0.267441859,0.104651163,0.070588235,-3.7328172957562935,-13.792552131977034,0.11091698324957561,-38.705765284903336,19339
2024,"Luke Raley","SEA",97,0,0,0,0.294736842,0.288659793,1.010526315,1.299186108,0.715789473,0.092105263,28.240413139699122,16.89396803372922,0.5265649925802172,260.58202377979154,19354
2024,"Austin Hays","2 Tms",69,0,0,0,0.134328358,0.130434782,0.388059701,0.518494483,0.253731343,0.0625,2.5320298394500504,-5.5391527617038,0.21043716997340106,33.5622321891585,19363
2024,"Zach McKinstry","DET",97,0,0,0,0.125,0.12371134,0.333333333,0.457044673,0.208333333,0.086021505,1.7759742031037622,-9.570470902866143,0.18759243267098652,16.9353401243309,19392
2024,"Jake Rogers","DET",91,0,0,0,0.202247191,0.197802197,0.629213483,0.82701568,0.426966292,0.098765432,12.499960447649158,1.8553573069969802,0.3355082522381793,120.99005399344365,19452
2024,"TJ Friedl","CIN",109,0,0,0,0.132075471,0.128440366,0.5,0.628440366,0.367924529,0.010416666,7.693147481290016,-5.0569815553153425,0.2525348969555776,53.161839432441425,19522
2024,"Yordan Alvarez","HOU",219,0,0,0,0.246511627,0.242009132,0.776744186,1.018753318,0.530232559,0.107526881,44.01488930923062,18.397657575133618,0.41455074151357013,176.9486855603112,19556
2024,"Nathaniel Lowe","TEX",107,0,0,0,0.221153846,0.214953271,0.721153846,0.936107117,0.5,0.076923076,18.365364183996494,5.849182469163712,0.3780948335879317,149.77514936712873,19566
2024,"Chas McCormick","HOU",63,0,0,0,0.163934426,0.158730158,0.459016393,0.617746551,0.295081967,0.086206896,4.30775275473735,-3.061587881098774,0.2497986744320582,61.05013427841778,19599
2024,"Bryan De La Cruz","2 Tms",155,0,0,0,0.22,0.212903225,0.686666666,0.899569891,0.466666666,0.096296296,24.65329597136009,6.522378533985499,0.3624583013596073,131.0085474646363,19600
2024,"Otto Lopez","MIA",84,0,0,0,0.170731707,0.166666666,0.451219512,0.617886178,0.280487805,0.102564102,5.930102512925469,-3.8956850015226965,0.2525561721551986,57.02843717182577,19608
2024,"Keibert Ruiz","WSN",189,0,0,0,0.145945945,0.142857142,0.383783783,0.526640925,0.237837838,0.079545454,7.804303116316642,-14.30371879119173,0.21614805163529816,35.50903790739481,19610
2024,"Vladimir Guerrero Jr.","TOR",175,0,0,0,0.368421052,0.36,1.011695906,1.371695906,0.643274854,0.227586206,55.65925205111877,35.188861396018424,0.5600046130589077,279.07432444736344,19611
2024,"Bo Bichette","TOR",75,0,0,0,0.178082191,0.173333333,0.465753424,0.639086757,0.287671233,0.126760563,5.704556916630822,-3.068467649840754,0.2593452088038127,67.56869662903429,19612
2024,"Brent Rooker","OAK",170,0,0,0,0.319277108,0.311764705,1.078313253,1.390077958,0.759036145,0.113636363,54.316157369932405,34.430635019263505,0.5618110376245835,282.967357747885,19627
2024,"Fernando Tatis Jr.","SDP",103,0,0,0,0.343137254,0.339805825,1.06862745,1.408433275,0.725490196,0.170731707,34.18189337864902,22.13360630736139,0.5771628525650617,281.8081968192521,19709
2024,"Josh Rojas","SEA",133,0,0,0,0.152671755,0.150375939,0.419847328,0.570223267,0.267175573,0.103174603,7.266748278905668,-8.290748618970595,0.23272784132706492,53.8756634511535,19734
2024,"Shohei Ohtani","LAD",193,0,0,0,0.367021276,0.357512953,1.29787234,1.655385293,0.930851064,0.107913669,77.98898315594238,55.413066604888854,0.6668976434154213,340.2272106553556,19755
2024,"Abraham Toro","OAK",100,0,0,0,0.19,0.19,0.46,0.65,0.27,0.138297872,8.525494587737123,-3.1718715008916454,0.2707683861255646,78.22685119455302,19844
2024,"Emmanuel Rivera","2 Tms",64,0,0,0,0.233333333,0.21875,0.6,0.81875,0.366666667,0.152542372,8.213675479448142,0.7273611827257294,0.3242971133440733,110.22222810157625,19890
2024,"Connor Wong","BOS",118,0,0,0,0.24137931,0.237288135,0.629310344,0.866598479,0.387931034,0.150943396,18.19414221557707,4.391250230995122,0.3564127673537044,128.70932055362468,19896
2024,"Gavin Sheets","CHW",144,0,0,0,0.154929577,0.152777777,0.429577464,0.582355241,0.274647887,0.089552238,8.576588740288194,-8.267618427337233,0.2388436504536205,51.287129262114505,19901
2024,"Jesus Sanchez","MIA",103,0,0,0,0.277227722,0.27184466,0.891089108,1.162933768,0.613861386,0.127906976,25.454332911657957,13.406045840370327,0.4718868882910719,204.65219348020892,19913
2024,"Daulton Varsho","TOR",166,0,0,0,0.187878787,0.186746987,0.6,0.786746987,0.412121213,0.087837837,21.00452528959549,1.5868975824717353,0.32205402851104736,111.68262785558538,19918
2024,"Blake Perkins","MIL",99,0,0,0,0.161290322,0.151515151,0.440860215,0.592375366,0.279569893,0.096774193,5.549571657697334,-6.030820770045147,0.2344909484940346,47.1191570757432,19921
2024,"Andres Gimenez","CLE",142,0,0,0,0.094202898,0.091549295,0.297101449,0.388650744,0.202898551,0.037313432,-0.9249110444824657,-17.53517089033532,0.156752133033645,-4.70741167114728,19950
2024,"Josh Lowe","TBR",97,0,0,0,0.157894736,0.154639175,0.515789473,0.670428648,0.357894737,0.057471264,8.374936927063489,-2.971508178906416,0.27211594335811656,79.25476133043355,19953
2024,"Gavin Lux","LAD",99,0,0,0,0.173469387,0.171717171,0.520408163,0.692125334,0.346938776,0.078651685,9.528880251636984,-2.051512176105498,0.2844306579743973,82.80219490986161,19955
2024,"Mickey Moniak","LAA",126,0,0,0,0.2,0.198412698,0.576,0.774412698,0.376,0.10619469,15.613763091439827,0.875081819767578,0.31880564538259354,106.2774496404368,19956
2024,"Santiago Espinal","CIN",113,0,0,0,0.154545454,0.150442477,0.427272727,0.577715204,0.272727273,0.076923076,6.43137598019029,-6.786647699960219,0.23555764371314936,41.73505006339864,19997
2024,"Isaac Paredes","2 Tms",203,0,0,0,0.166666666,0.162561576,0.469696969,0.632258545,0.303030303,0.081081081,15.1747127348777,-8.570940425038701,0.25771950853282005,69.0857377420572,20036
2024,"Luis Robert Jr.","CHW",103,0,0,0,0.205882352,0.203883495,0.637254901,0.841138396,0.431372549,0.088888888,14.956772584751171,2.908485513463539,0.34526034813482787,126.1483514120805,20043
2024,"Juan Soto","NYY",164,0,0,0,0.354037267,0.347560975,1.186335403,1.533896378,0.832298136,0.137096774,60.4308351874879,41.24715480213672,0.6226579052645985,321.79484543581884,20123
2024,"Dylan Carlson","2 Tms",62,0,0,0,0.186440677,0.177419354,0.389830508,0.567249862,0.203389831,0.13559322,3.3000779979890935,-3.9522889769607428,0.23097583363133092,50.26575862698665,20126
2024,"Miguel Vargas","2 Tms",77,0,0,0,0.129870129,0.129870129,0.376623376,0.506493505,0.246753247,0.069444444,2.7802502237897286,-6.226721664454423,0.20970545186624898,29.713306585178945,20178
2024,"Brandon Marsh","PHI",101,0,0,0,0.288659793,0.277227722,0.865979381,1.143207103,0.577319588,0.14117647,23.909688515209535,12.095348765694478,0.4589657453027102,197.98779402444362,20202
2024,"Jo Adell","LAA",130,0,0,0,0.234375,0.23076923,0.7421875,0.97295673,0.5078125,0.09090909,24.34131352298874,9.134737607771338,0.3974792452958914,161.6221649790994,20220
2024,"Ben Rortvedt","TBR",66,0,0,0,0.196969696,0.196969696,0.393939393,0.590909089,0.196969697,0.158730158,4.488663798129459,-3.231597820365528,0.2493427377758604,63.234437083318824,20287
2024,"Jake Meyers","HOU",133,0,0,0,0.201550387,0.195488721,0.53488372,0.730372441,0.333333333,0.1300813,14.01465656170472,-1.5428403361715408,0.2957641997731718,93.38561807729783,20308
2024,"Stuart Fairchild","CIN",72,0,0,0,0.225352112,0.222222222,0.577464788,0.79968701,0.352112676,0.138461538,9.58155018570416,1.159446601891445,0.33018427424960667,105.42489201852013,20321
2024,"Ernie Clement","TOR",164,0,0,0,0.135802469,0.134146341,0.401234567,0.535380908,0.265432098,0.065789473,7.20301777140558,-11.9806626139456,0.21941345712033714,39.47780677104312,20352
2024,"Luis Garcia Jr.","WSN",133,0,0,0,0.234848484,0.233082706,0.712121212,0.945203918,0.477272728,0.113043478,23.972923730806965,8.415426832930706,0.38879049362096574,151.70856633271558,20391
2024,"Royce Lewis","MIN",102,0,0,0,0.24742268,0.235294117,0.793814432,1.029108549,0.546391752,0.103448275,19.99840624347904,8.067092833077695,0.40843992139778884,171.7806378337643,20437
2024,"Jazz Chisholm Jr.","2 Tms",142,0,0,0,0.285714285,0.28169014,0.907142857,1.188832997,0.621428572,0.13559322,36.5156801763788,19.905420330525953,0.4843400993817289,217.2601210993057,20454
2024,"William Contreras","MIL",133,0,0,0,0.292307692,0.285714285,0.884615384,1.170329669,0.592307692,0.151785714,33.20048227883543,17.64298538095917,0.47499078915531473,208.99110321935459,20503
2024,"Jose Miranda","MIN",144,0,0,0,0.192857142,0.1875,0.485714285,0.673214285,0.292857143,0.133333333,12.714838577320299,-4.12936859030513,0.27454854879114365,77.5917369650617,20538
2024,"Elehuris Montero","COL",81,0,0,0,0.177215189,0.172839506,0.392405063,0.565244569,0.215189874,0.129870129,4.448134927108645,-5.026731604680657,0.23307328901173155,33.43275631445611,20543
2024,"Lars Nootbaar","STL",82,0,0,0,0.202531645,0.195121951,0.708860759,0.90398271,0.506329114,0.057142857,12.954772292678872,3.362932100003281,0.36113076675228956,134.19576378648043,21454
2024,"Nico Hoerner","CHC",164,0,0,0,0.092024539,0.091463414,0.257668711,0.349132125,0.165644172,0.050955414,-2.7645445646550453,-21.948224950006228,0.1439009832172859,-10.936257847860182,21479
2024,"Trevor Larnach","MIN",100,0,0,0,0.234693877,0.23,0.673469387,0.903469387,0.43877551,0.114942528,16.474109662838604,4.776743574209835,0.36952474117279055,144.40487805820024,21501
2024,"Jonathan India","CIN",150,0,0,0,0.232876712,0.226666666,0.609589041,0.836255707,0.376712329,0.147058823,21.25632862216904,3.7102794892258864,0.34090868711471556,112.6431154358392,21523
2024,"Joey Bart","PIT",62,0,0,0,0.360655737,0.354838709,1.081967213,1.436805922,0.721311476,0.183673469,21.106251454169296,13.853884479219458,0.5877985512056658,282.70349072537414,21524
2024,"Cal Raleigh","SEA",195,0,0,0,0.243386243,0.235897435,0.793650793,1.029548228,0.55026455,0.080246913,39.291626508091376,16.481762635265273,0.41518971430949675,182.23257646264298,21534
2024,"Nick Fortes","MIA",106,0,0,0,0.138613861,0.132075471,0.326732673,0.458808144,0.188118812,0.098039215,1.7311662746767018,-10.668041779269792,0.18513582225115793,11.650181541208447,21538
2024,"Matt Vierling","DET",151,0,0,0,0.19047619,0.185430463,0.578231292,0.763661755,0.387755102,0.102189781,17.405747550883977,-0.2572752429454636,0.30805994738016695,101.68092589240763,21558
2024,"Kyle Isbel","KCR",98,0,0,0,0.177083333,0.173469387,0.520833333,0.69430272,0.34375,0.109890109,9.091553416239657,-2.371865350616536,0.2801065347632583,76.35692244690514,21614
2024,"Alec Bohm","PHI",156,0,0,0,0.236842105,0.23076923,0.644736842,0.875506072,0.407894737,0.14893617,24.019558728566594,5.771667630305716,0.35614425784502274,128.7822833912865,21618
2024,"Jake McCarthy","ARI",102,0,0,0,0.18,0.176470588,0.49,0.666470588,0.31,0.106382978,8.800490678216946,-3.1308227321843987,0.27204110458785413,71.13027407551955,21622
2024,"Jeremy Pena","HOU",156,0,0,0,0.197368421,0.192307692,0.59868421,0.790991902,0.401315789,0.106382978,19.431656425254985,1.183765326994104,0.3196047116548587,110.15676297309594,21636
2024,"Miguel Amaya","CHC",97,0,0,0,0.170212765,0.164948453,0.489361702,0.654310155,0.319148937,0.08988764,7.774583530912274,-3.5718615750576324,0.2644262535055888,70.18504355262502,21693
2024,"Oswaldo Cabrera","NYY",87,0,0,0,0.149425287,0.149425287,0.436781609,0.586206896,0.287356322,0.075,5.462417824359041,-4.714290672747988,0.2428526987974671,54.61232093928314,21707
2024,"Oneil Cruz","PIT",123,0,0,0,0.35,0.341463414,1.033333333,1.374796747,0.683333333,0.205882352,38.865871138463284,24.4781108494499,0.5574325536324726,262.26521055749726,21711
2024,"Enmanuel Valdez","BOS",72,0,0,0,0.25,0.236111111,0.661764705,0.897875816,0.411764705,0.166666666,11.151198453293516,2.729094869480801,0.3572701844904158,129.3124899447556,21716
2024,"Freddy Fermin","KCR",83,0,0,0,0.125,0.120481927,0.4,0.520481927,0.275,0.051948051,2.9241796730769223,-6.784634180484956,0.2086169978222215,26.06599796836577,21840
2024,"Will Benson","CIN",84,0,0,0,0.243902439,0.238095238,0.81707317,1.055168408,0.573170731,0.085714285,17.70802020439812,7.882232689949953,0.42676205436388653,170.42798382241904,21853
2024,"Bo Naylor","CLE",111,0,0,0,0.19090909,0.189189189,0.6,0.789189189,0.40909091,0.081632653,14.16534269234766,1.1812663339697258,0.3233988585772815,112.52397976762008,21865
2024,"Christopher Morel","2 Tms",153,0,0,0,0.213333333,0.209150326,0.706666666,0.915816992,0.493333333,0.083333333,25.359005191743574,7.462035076141558,0.37077218956417507,143.2095344844501,21897
2024,"Mark Vientos","NYM",101,0,0,0,0.326530612,0.316831683,1.153061224,1.469892907,0.826530612,0.08,34.6483094028487,22.833969653333646,0.5910651081859475,291.006742347107,22184
2024,"Brice Turang","MIL",116,0,0,0,0.131578947,0.129310344,0.394736842,0.524047186,0.263157895,0.073394495,4.504034985500201,-9.06490967730917,0.21308579629865185,32.71210535446262,22186
2024,"MJ Melendez","KCR",123,0,0,0,0.211382113,0.211382113,0.658536585,0.869918698,0.447154472,0.093457943,19.27145539636879,4.883695107355406,0.35950748997975174,132.21331225133247,22197
2024,"Luis Campusano","SDP",84,0,0,0,0.142857142,0.142857142,0.464285714,0.607142856,0.321428572,0.052631578,5.790805593954239,-4.034981920493927,0.2504958467824118,61.94017602743146,22217
2024,"Jack Suwinski","PIT",60,0,0,0,0.20338983,0.2,0.661016949,0.861016949,0.457627119,0.076923076,8.975095426600742,1.9566757734234799,0.35069418549537656,123.11691881272897,22244
2024,"Nolan Gorman","STL",106,0,0,0,0.307692307,0.301886792,0.913461538,1.21534833,0.605769231,0.159090909,28.264900197847965,15.865692143901468,0.496139905362759,225.06564525483742,22263
2024,"Jake Burger","MIA",158,0,0,0,0.282051282,0.278481012,0.929487179,1.207968191,0.647435897,0.116279069,41.691431304443405,23.209592884409943,0.4926857088185564,218.65114477688496,22275
2024,"Taylor Walls","TBR",69,0,0,0,0.075757575,0.072463768,0.181818181,0.254281949,0.106060606,0.058823529,-3.496579398167219,-11.56776199932107,0.10188421995743462,-40.49857757364047,22458
2024,"Heliot Ramos","SFG",127,0,0,0,0.296,0.291338582,0.952,1.243338582,0.656,0.142857142,34.79690625256493,19.941251320006394,0.5052610983060101,231.7039641907701,22515
2024,"Tyler Freeman","CLE",106,0,0,0,0.13592233,0.132075471,0.417475728,0.549551199,0.281553398,0.07070707,4.821172048835147,-7.578036005111348,0.22135403471172982,40.73825069399312,22532
2024,"Lawrence Butler","OAK",116,0,0,0,0.263157894,0.258620689,0.868421052,1.127041741,0.605263158,0.094736842,27.43881779443543,13.869873131626058,0.4587320973133219,210.45415617550475,22542
2024,"Jarred Kelenic","ATL",113,0,0,0,0.216216216,0.21238938,0.666666666,0.879056046,0.45045045,0.091836734,17.638940185320482,4.420916505169971,0.35878478636783834,129.9512308104998,22558
2024,"Alejandro Kirk","TOR",98,0,0,0,0.173913043,0.163265306,0.423913043,0.587178349,0.25,0.118279569,5.421898988780381,-6.041519778075813,0.23358300267433635,49.44569264417636,22581
2024,"Gabriel Moreno","ARI",82,0,0,0,0.139240506,0.134146341,0.392405063,0.526551404,0.253164557,0.077922077,3.126506875589473,-6.465333317086118,0.21221639615733448,30.864376374734004,22664
2024,"Maikel Garcia","KCR",145,0,0,0,0.163120567,0.158620689,0.404255319,0.562876008,0.241134752,0.115942028,7.5035546169027185,-9.457626211608996,0.22913900326038228,40.502664784237716,22715
2024,"Geraldo Perdomo","ARI",110,0,0,0,0.103773584,0.1,0.254716981,0.354716981,0.150943397,0.074766355,-1.8685018208209194,-14.735604518312565,0.14374021074988624,-15.224524831673177,22799
2024,"Wenceel Perez","DET",124,0,0,0,0.178861788,0.177419354,0.512195121,0.689614475,0.333333333,0.113043478,11.670161862246832,-2.834572087652841,0.2817754418619217,83.19049864199647,22857
2024,"Lenyn Sosa","CHW",100,0,0,0,0.16,0.16,0.44,0.6,0.28,0.086956521,6.806547288398724,-4.890818800230045,0.24941158771514893,58.72138268512682,22896
2024,"Yainer Diaz","HOU",128,0,0,0,0.239669421,0.2265625,0.710743801,0.937306301,0.47107438,0.131578947,21.197008955625986,6.2243803621811615,0.3705939007923007,146.02625618645993,23003
2024,"Nelson Velazquez","KCR",71,0,0,0,0.19117647,0.183098591,0.632352941,0.815451532,0.441176471,0.079365079,9.0952796336716,0.7901497107451746,0.3240037132316912,107.2373810655941,23359
2024,"Jose Caballero","TBR",111,0,0,0,0.185185185,0.18018018,0.481481481,0.661661661,0.296296296,0.107843137,9.425684605426714,-3.558391752951219,0.2703473643139676,78.01061457904275,23401
2024,"Davis Schneider","TOR",128,0,0,0,0.216,0.2109375,0.616,0.8269375,0.4,0.12173913,17.667706300875565,2.6950777074307415,0.3363366490229964,121.73005885397745,23565
2024,"Brayan Rocchio","CLE",100,0,0,0,0.157894736,0.15,0.463157894,0.613157894,0.305263158,0.076086956,6.396896844705788,-5.300469243922981,0.24432194828987122,56.895546665019125,23690
2024,"Julio Rodriguez","SEA",145,0,0,0,0.258741258,0.255172413,0.72027972,0.975452133,0.461538462,0.136,27.61868517640121,10.657504347889498,0.40149581021276015,172.5992912825564,23697
2024,"Ezequiel Duran","TEX",77,0,0,0,0.157894736,0.155844155,0.355263157,0.511107312,0.197368421,0.121621621,2.9195471427609583,-6.087424745483194,0.2119530795456527,32.898991501346075,23733
2024,"Wilyer Abreu","BOS",132,0,0,0,0.240310077,0.234848484,0.697674418,0.932522902,0.457364341,0.136752136,22.75559664978243,7.315073412792457,0.3790291023976875,144.6192906883648,23772
2024,"Parker Meadows","DET",93,0,0,0,0.217391304,0.215053763,0.619565217,0.83461898,0.402173913,0.13095238,13.223902058589056,2.345351596164301,0.34150957548490135,125.21181996209343,23800
2024,"Ezequiel Tovar","COL",211,0,0,0,0.224390243,0.218009478,0.702439024,0.920448502,0.478048781,0.108108108,34.96875305259484,10.287310605588138,0.3707517583223316,126.0992699724352,24064
2024,"Ceddanne Rafaela","BOS",145,0,0,0,0.216783216,0.213793103,0.615384615,0.829177718,0.398601399,0.123076923,20.400773157381987,3.4395923288702748,0.33964901957018623,116.91648470893962,24262
2024,"Johan Rojas","PHI",82,0,0,0,0.219512195,0.219512195,0.43902439,0.658536585,0.219512195,0.189873417,7.354055924753105,-2.2377842679224855,0.27627071084045784,75.02222075061418,24336
2024,"Max Schuemann","OAK",117,0,0,0,0.114035087,0.111111111,0.350877192,0.461988303,0.236842105,0.054545454,2.08205545679241,-11.603862866903249,0.1869542354192489,19.265899651661304,24488
2024,"Richie Palacios","TBR",70,0,0,0,0.159420289,0.157142857,0.420289855,0.577432712,0.260869566,0.092307692,4.088651958862471,-4.0995043031776675,0.2374144400869097,54.84320748663911,24589
2024,"Steven Kwan","CLE",166,0,0,0,0.13253012,0.13253012,0.427710843,0.560240963,0.295180723,0.052631578,8.787664190440582,-10.629963516683175,0.23061636197997862,47.25404336904162,24610
2024,"Jarren Duran","BOS",179,0,0,0,0.323863636,0.318435754,0.9375,1.255935754,0.613636364,0.227848101,49.67061724213819,28.732331943492696,0.5096072517959765,236.4774300878833,24617
2024,"Ryan Jeffers","MIN",140,0,0,0,0.237037037,0.228571428,0.725925925,0.954497353,0.488888888,0.107438016,24.693824842380906,8.31751231830063,0.3839908642428262,154.58139806297322,24618
2024,"Brendan Donovan","STL",187,0,0,0,0.169398907,0.165775401,0.486338797,0.652114198,0.31693989,0.098265895,15.118263799093542,-6.755810786642257,0.2652909691958504,69.68938197011934,24679
2024,"Jonah Bride","MIA",67,0,0,0,0.25,0.223880597,0.833333333,1.05721393,0.583333333,0.071428571,12.695301202078936,4.858065922697661,0.40026383257623926,156.44524504550742,24703
2024,"Logan O'Hoppe","LAA",123,0,0,0,0.25409836,0.25203252,0.819672131,1.071704651,0.565573771,0.106796116,27.14971506616522,12.761954777151834,0.43908654286609433,190.89175531908188,24729
2024,"Andy Pages","LAD",136,0,0,0,0.181818181,0.176470588,0.492424242,0.66889483,0.310606061,0.104,11.727321350767888,-4.181096529767238,0.271980205002953,74.42223487614307,24816
2024,"David Fry","CLE",112,0,0,0,0.256880733,0.25,0.71559633,0.96559633,0.458715597,0.142857142,20.570218527015584,7.469168507751362,0.3930335555757795,161.5100753234748,24934
2024,"Brenton Doyle","COL",154,0,0,0,0.238095238,0.227272727,0.795918367,1.023191094,0.557823129,0.091603053,29.805281492988062,11.791337716499756,0.40530647937353553,149.35683193018215,25479
2024,"Joey Ortiz","MIL",125,0,0,0,0.2,0.192,0.583333333,0.775333333,0.383333333,0.114035087,14.626787512550427,0.00507990176446696,0.3102273111343384,98.09462708318773,25493
2024,"Korey Lee","CHW",90,0,0,0,0.211111111,0.211111111,0.677777777,0.888888888,0.466666666,0.089743589,14.62229348764592,4.094664007880027,0.3667029619216919,141.2326409000245,25543
2024,"Will Brennan","CLE",103,0,0,0,0.176470588,0.174757281,0.480392156,0.655149437,0.303921568,0.105263157,8.727811754807526,-3.320475316480106,0.2701236750315694,75.04635231442323,25660
2024,"Bobby Witt Jr.","KCR",239,0,0,0,0.24137931,0.234309623,0.745689655,0.979999278,0.504310345,0.128571428,44.05025800029633,16.093553048473574,0.39383869989147746,156.36437489356928,25764
2024,"CJ Abrams","WSN",174,0,0,0,0.229411764,0.224137931,0.676470588,0.900608519,0.447058824,0.123376623,28.160302145646114,7.806885151432055,0.36592133291836443,136.31614220710134,25768
2024,"Jared Triolo","PIT",110,0,0,0,0.188679245,0.181818181,0.46226415,0.644082331,0.273584905,0.117647058,8.618361441004835,-4.248741256486811,0.26218787648461084,63.54644905205164,25807
2024,"Shea Langeliers","OAK",151,0,0,0,0.275862068,0.264900662,0.924137931,1.189038593,0.648275863,0.097560975,37.641579130445415,19.978556336615974,0.474561272867468,221.58954614183907,25816
2024,"Michael Toglia","COL",108,0,0,0,0.342857142,0.333333333,1.123809523,1.457142856,0.780952381,0.142857142,36.748155829553724,24.11500045383465,0.5875963966051737,272.0497351084493,25845
2024,"Corbin Carroll","ARI",183,0,0,0,0.194285714,0.185792349,0.645714285,0.831506634,0.451428571,0.074534161,24.307945632444365,2.901765690253722,0.3298776638312418,110.05801879765862,25878
2024,"Michael Harris II","ATL",102,0,0,0,0.202020202,0.196078431,0.717171717,0.913250148,0.515151515,0.046511627,16.569806811760625,4.638493401359279,0.36667706802779554,135.2632467698371,25931
2024,"Kerry Carpenter","DET",86,0,0,0,0.361445783,0.348837209,1.144578313,1.493415522,0.78313253,0.188405797,29.96917241898799,19.909437582767254,0.597806783609612,305.5098620167127,25961
2024,"Riley Greene","DET",124,0,0,0,0.319672131,0.314516129,1.040983606,1.355499735,0.721311475,0.158415841,38.42424517477541,23.919511224875738,0.5498415914274031,271.76766755231654,25976
2024,"Francisco Alvarez","NYM",70,0,0,0,0.294117647,0.285714285,0.897058823,1.182773108,0.602941176,0.152542372,17.58551694967352,9.39736068763338,0.4769712107522147,214.21417080141902,26121
2024,"Andrew Vaughn","CHW",203,0,0,0,0.207070707,0.201970443,0.565656565,0.767627008,0.358585858,0.124324324,24.151915555215403,0.4062623952989999,0.312663294998883,103.21722040147078,26197
2024,"Tyler Fitzgerald","SFG",90,0,0,0,0.303370786,0.3,0.921348314,1.221348314,0.617977528,0.16,24.28950238917608,13.76187290941019,0.5001571416854859,228.26867130689484,26208
2024,"Adley Rutschman","BAL",204,0,0,0,0.175879396,0.171568627,0.492462311,0.664030938,0.316582915,0.086486486,17.431336619735703,-6.431290201066984,0.27100790598813224,77.04937303175296,26288
2024,"Gunnar Henderson","BAL",155,0,0,0,0.302631578,0.296774193,1.059210526,1.355984719,0.756578948,0.084033613,48.01878187475682,29.887864437382234,0.5497492136493806,273.1362222752032,26289
2024,"Bryson Stott","PHI",155,0,0,0,0.122448979,0.116129032,0.374149659,0.490278691,0.25170068,0.048611111,3.748522954890978,-14.382394482483614,0.1948917450443391,20.24891390620368,26294
2024,"Michael Busch","CHC",136,0,0,0,0.23880597,0.235294117,0.776119402,1.011413519,0.537313432,0.095652173,27.074543719577534,11.166125839042406,0.4121855155510061,169.63658265664364,26319
2024,"Spencer Steer","CIN",194,0,0,0,0.208333333,0.206185567,0.614583333,0.8207689,0.40625,0.114942528,26.726377884236268,4.033487672296458,0.3360084958912171,109.34496984188561,26323
2024,"Jonny DeLuca","TBR",106,0,0,0,0.103773584,0.103773584,0.29245283,0.396226414,0.188679246,0.05,-0.04778084427921425,-12.44698889822571,0.16428463638953442,3.398400424754507,26365
2024,"JJ Bleday","OAK",213,0,0,0,0.220657276,0.220657276,0.600938967,0.821596243,0.380281691,0.139896373,30.1330343084,5.217644539620725,0.3406114807710961,127.35954876766675,26368
2024,"Josh Smith","TEX",151,0,0,0,0.127516778,0.125827814,0.429530201,0.555358015,0.302013423,0.04347826,7.468892070451544,-10.194130723377897,0.2262990569436787,42.99099232784484,26396
2024,"Matt Wallner","MIN",60,0,0,0,0.406779661,0.4,1.237288135,1.637288135,0.830508474,0.234042553,24.260909649145525,17.242489995968263,0.6672212958335877,353.82622261545583,26466
2024,"Spencer Horwitz","TOR",95,0,0,0,0.279569892,0.27368421,0.795698924,1.069383134,0.516129032,0.168674698,20.72645237943151,9.61395459523418,0.43591062144229287,191.7776118420074,26477
2024,"Elly De La Cruz","CIN",131,0,0,0,0.284615384,0.282442748,0.915384615,1.197827363,0.630769231,0.129629629,34.33619321285251,19.012643636748823,0.49049719326368724,213.32585412069704,26668
2024,"Spencer Torkelson","DET",121,0,0,0,0.216666666,0.214876033,0.566666666,0.781542699,0.35,0.144144144,15.36680133602474,1.2129883687839291,0.32263185170071185,111.93186009970924,27465
2024,"Patrick Bailey","SFG",105,0,0,0,0.178217821,0.171428571,0.495049504,0.666478075,0.316831683,0.103092783,8.732454320565639,-3.5497800724945683,0.26817329497564407,72.12853983091992,27478
2024,"Masyn Winn","STL",179,0,0,0,0.182857142,0.178770949,0.525714285,0.704485234,0.342857143,0.103658536,17.49934618464204,-3.4389391140034564,0.2863072250142444,83.83468127934727,27479
2024,"Nick Gonzales","PIT",101,0,0,0,0.175257731,0.168316831,0.484536082,0.652852913,0.309278351,0.106382978,7.913516941531635,-3.9008228079834213,0.26219149509278855,63.54888460937447,27490
2024,"Ha-Seong Kim","SDP",138,0,0,0,0.132352941,0.130434782,0.411764705,0.542199487,0.279411764,0.05511811,6.274061638160909,-9.868303564146792,0.22133099946422854,42.31034766083132,27506
2024,"David Hamilton","BOS",89,0,0,0,0.235955056,0.235955056,0.595505617,0.831460673,0.359550561,0.160493827,13.014265334746453,2.603609515866848,0.3465230545301116,121.75217938293892,27531
2024,"Austin Wells","NYY",117,0,0,0,0.18018018,0.17094017,0.558558558,0.729498728,0.378378378,0.076190476,11.719617921423529,-1.96630040227213,0.2892964782877865,87.2842433881868,27562
2024,"Alec Burleson","STL",174,0,0,0,0.172619047,0.166666666,0.577380952,0.744047618,0.404761905,0.052287581,18.733800331938617,-1.619616662275442,0.29861206090313264,92.11663159929513,27615
2024,"Anthony Volpe","NYY",137,0,0,0,0.154411764,0.153284671,0.5,0.653284671,0.345588236,0.072,11.245693364493446,-4.779698176927967,0.26683037385453273,71.47995635928052,27647
2024,"Vinnie Pasquantino","KCR",188,0,0,0,0.211428571,0.19680851,0.64,0.83680851,0.428571429,0.106508875,24.5434969484343,2.5524487018122124,0.3270451756233865,109.37696626910751,27676
2024,"Michael Massey","KCR",120,0,0,0,0.189655172,0.183333333,0.637931034,0.821264367,0.448275862,0.075471698,15.79088625454196,1.754046948187436,0.3283375600973765,110.28612322773037,27684
2024,"Brett Wisely","SFG",78,0,0,0,0.184210526,0.179487179,0.421052631,0.60053981,0.236842105,0.135135135,5.146171117810207,-3.977774431320233,0.24681624082418588,57.75386120375185,27735
2024,"Pete Crow-Armstrong","CHC",111,0,0,0,0.138888888,0.135135135,0.453703703,0.588838838,0.314814815,0.058823529,6.417432682482273,-6.56664367589566,0.23667568236857922,51.50711451868834,27769
2024,"Jordan Westburg","BAL",124,0,0,0,0.25,0.25,0.806451612,1.056451612,0.556451612,0.122641509,26.907032368156376,12.402298418256702,0.43444332288157556,192.02169709206817,27815
2024,"Colt Keith","DET",140,0,0,0,0.159420289,0.157142857,0.485507246,0.642650103,0.326086957,0.070866141,11.027309549880151,-5.3490029742001255,0.26270691156387327,69.7763116410814,27899
2024,"Jackson Chourio","MIL",128,0,0,0,0.277777777,0.2734375,0.849206349,1.122643849,0.571428572,0.138888888,30.25492276695627,15.282294173511445,0.4585147351026535,197.9016533181057,28806
2024,"Jackson Merrill","SDP",184,0,0,0,0.223463687,0.217391304,0.69273743,0.910128734,0.469273743,0.1,30.103172904002697,8.580019300925766,0.3681122220080832,141.10360292945128,29490
2024,"Colton Cowser","BAL",129,0,0,0,0.3203125,0.317829457,0.9921875,1.310016957,0.671875,0.161904761,38.68015418923069,23.590551934899583,0.5373839611230895,264.43760695936095,29591
2024,"Sal Frelick","MIL",131,0,0,0,0.13076923,0.129770992,0.238461538,0.36823253,0.107692308,0.116279069,-1.0668548481413307,-16.39040442424502,0.15472637788030028,-6.567557406281946,29622
2024,"Hunter Goodman","COL",68,0,0,0,0.242424242,0.235294117,0.863636363,1.09893048,0.621212121,0.054545454,15.15227667926332,7.198067738995757,0.4416934286846834,173.84760199900705,29715
2024,"Zack Gelof","OAK",118,0,0,0,0.221238938,0.211864406,0.725663716,0.937528122,0.504424778,0.07920792,19.86520065201786,6.062308667435914,0.37400752204959675,150.85274597783325,29766
2024,"Jacob Young","WSN",83,0,0,0,0.12345679,0.120481927,0.296296296,0.416778223,0.172839506,0.0875,0.40417391235121614,-9.304639941210661,0.17089479658977094,5.050670685981378,29931
2024,"Seiya Suzuki","CHC",167,0,0,0,0.251533742,0.245508982,0.748466257,0.993975239,0.496932515,0.136986301,31.928356348917326,12.39375498090728,0.40238299769555735,163.0388542007493,30116
2024,"Zach Neto","LAA",154,0,0,0,0.259740259,0.259740259,0.792207792,1.051948051,0.532467533,0.129770992,33.44353324898276,15.429589472494454,0.4346590142745476,187.77711063747344,31347
2024,"Masataka Yoshida","BOS",117,0,0,0,0.206896551,0.205128205,0.551724137,0.756852342,0.344827586,0.130841121,13.90821548407238,0.22229716037672048,0.31253741541479385,97.84421629859233,31837
2024,"Nolan Schanuel","LAA",129,0,0,0,0.229508196,0.217054263,0.63114754,0.848201803,0.401639344,0.129310344,17.974677911350327,2.885075657019213,0.3379637825396634,119.75467260399245,33189
2024,"Wyatt Langford","TEX",161,0,0,0,0.183544303,0.180124223,0.563291139,0.743415362,0.379746836,0.089655172,17.76861445596368,-1.06414494672864,0.3019648279462542,96.21978269250364,33333